{"type":"FeatureCollection","features":[{"type":"Feature","properties":{"name":"India","source":"Survey of India","sourceUrl":"https://surveyofindia.gov.in/pages/outline-maps-of-india","downloadUrl":"https://surveyofindia.gov.in/documents/Outline_of_India.zip","sourceScale":"1:16,000,000","use":"Generalized national overview, not local boundary precision","checkedAt":"2026-09-06"},"geometry":{"type":"MultiPolygon","coordinates":[[[[72.2834955170839,10.040735049682297],[72.2886011451209,10.049520109410928],[72.29036558081116,10.05285663022849],[72.28852044742484,10.04527969530963],[72.2834955170839,10.040735049682297]]],[[[72.16853101731326,10.81498646655422],[72.16519293287669,10.812437390170802],[72.1645711438833,10.812862408634732],[72.16853101731326,10.81498646655422]]],[[[72.20607092887478,10.876107921004165],[72.17952951662089,10.8285505225223],[72.16991681496539,10.817910949290871],[72.19446759066993,10.871052302250673],[72.20607092887478,10.876107921004165]]],[[[72.28722596964823,10.946633996179413],[72.29256259990056,10.936691018307576],[72.28479574212288,10.936390229454995],[72.28722596964823,10.946633996179413]]],[[[72.18692968225555,11.598397327463966],[72.18536236168745,11.601701795179038],[72.19022605508758,11.598577475865147],[72.18692968225555,11.598397327463966]]],[[[71.15535910166248,20.760867271518475],[71.1499137785433,20.759425602062542],[71.1513205094775,20.763875043488948],[71.15535910166248,20.760867271518475]]],[[[71.17139413662137,20.765337561222196],[71.17078262087456,20.765094856338504],[71.1712323348845,20.765337561567627],[71.17139413662137,20.765337561222196]]],[[[71.1723173581089,20.76559454199181],[71.1712251968678,20.765416083745272],[71.17250295451645,20.76631551869451],[71.1723173581089,20.76559454199181]]],[[[71.17541099978241,20.766765000126338],[71.1761583003291,20.766542700426456],[71.17512280007682,20.766516999682125],[71.17541099978241,20.766765000126338]]],[[[71.25414927427336,20.81350754257366],[71.25675261236721,20.812007714399154],[71.2546650219156,20.811718483394507],[71.25414927427336,20.81350754257366]]],[[[71.26078721682492,20.815960322078947],[71.26315324621983,20.81633537928358],[71.26109296058497,20.81487460980078],[71.26078721682492,20.815960322078947]]],[[[71.26889485067558,20.8200144420556],[71.27107951453723,20.820209729425457],[71.27064798791629,20.819262639801025],[71.26889485067558,20.8200144420556]]],[[[71.30313653470989,20.83097859094742],[71.30297274108123,20.832012689589902],[71.30490361082839,20.832541901524976],[71.30313653470989,20.83097859094742]]],[[[71.30760823193711,20.832335170825317],[71.30906357755961,20.832891239040045],[71.3091932469931,20.832796478289108],[71.30760823193711,20.832335170825317]]],[[[71.30399488723872,20.83437509431669],[71.30317375457204,20.833715365486338],[71.30277010571999,20.83394104316863],[71.30399488723872,20.83437509431669]]],[[[71.45745560019955,20.87806070006735],[71.45623550075175,20.87800259980763],[71.45613589930365,20.878367800657465],[71.45745560019955,20.87806070006735]]],[[[71.52815560270028,20.904770430803424],[71.52710458541529,20.902637499263303],[71.52565642803198,20.903662963770103],[71.52815560270028,20.904770430803424]]],[[[71.53531790050167,20.903641299559688],[71.5341642003428,20.903989899142047],[71.53559179985169,20.904089499943964],[71.53531790050167,20.903641299559688]]],[[[71.53638029992322,20.903807300655796],[71.53662929961578,20.904114400185822],[71.53679529976642,20.903915199478586],[71.53638029992322,20.903807300655796]]],[[[71.53365790036595,20.90413099945385],[71.53361639911854,20.903865399437457],[71.53340059995192,20.9038902994044],[71.53365790036595,20.90413099945385]]],[[[71.51277902362746,20.91107621371896],[71.5244981198921,20.9049161835519],[71.50990634342483,20.90389796476947],[71.51277902362746,20.91107621371896]]],[[[71.52021034706533,20.913274359548932],[71.52125411243267,20.91310129846027],[71.5202805945533,20.912935450223177],[71.52021034706533,20.913274359548932]]],[[[71.54686319990066,20.91307009981525],[71.54675530004707,20.913651099850693],[71.54726990005187,20.91334399979685],[71.54686319990066,20.91307009981525]]],[[[71.54475696831167,20.913612142804713],[71.54560669319537,20.913764073910222],[71.54483041204011,20.91343741978959],[71.54475696831167,20.913612142804713]]],[[[71.67553100021941,20.984475299931404],[71.67514709981972,20.984113900442185],[71.67510230009678,20.984430500435224],[71.67553100021941,20.984475299931404]]],[[[71.67669349985592,20.987759199905145],[71.67508989997842,20.988118699574454],[71.67627250050062,20.989512200339504],[71.67669349985592,20.987759199905145]]],[[[71.6753388997306,20.99155489944034],[71.67699060059682,20.993771000241264],[71.67723320021234,20.99381930008731],[71.6753388997306,20.99155489944034]]],[[[71.6864296998977,20.993902099724785],[71.68523740061121,20.992924999548016],[71.68508660056706,20.992993499522957],[71.6864296998977,20.993902099724785]]],[[[71.65828315792805,20.99647155042528],[71.6561619699932,20.99469258839606],[71.6553541637432,20.99508113794804],[71.65828315792805,20.99647155042528]]],[[[71.70986690024155,20.997340000317646],[71.70941869994061,20.99843560055801],[71.71063380002957,20.998152299648833],[71.70986690024155,20.997340000317646]]],[[[71.69814730078564,20.99843560056088],[71.70335140001741,20.996817100008013],[71.69644580008026,20.997406399386257],[71.69814730078564,20.99843560056088]]],[[[71.91637283428129,21.106563636502177],[71.9155068366136,21.107634138518126],[71.91633463014169,21.107615826691443],[71.91637283428129,21.106563636502177]]],[[[72.01218163374935,21.134033041378217],[72.01204283308066,21.132971617684298],[72.01099305366175,21.13361218434807],[72.01218163374935,21.134033041378217]]],[[[72.03527296258741,21.156210881564444],[72.03315029453574,21.155591260222213],[72.03511849273444,21.15688840830786],[72.03527296258741,21.156210881564444]]],[[[72.04622400017756,21.16199999967919],[72.0467039994158,21.16051200080845],[72.04555200020303,21.160703999897812],[72.04622400017756,21.16199999967919]]],[[[72.06742845546876,21.17659619581158],[72.06715855705164,21.177178784439366],[72.06806851279802,21.177246753092582],[72.06742845546876,21.17659619581158]]],[[[72.08374750046617,21.18652799983313],[72.08362719993559,21.18616600003728],[72.08349199997512,21.186399699470147],[72.08374750046617,21.18652799983313]]],[[[69.32461000134151,22.303089025202617],[69.3241149320456,22.30341397945601],[69.32460996682862,22.303242515347588],[69.32461000134151,22.303089025202617]]],[[[69.31007960022458,22.30503819932069],[69.31032859998888,22.305212500534452],[69.31026220041895,22.304888799982873],[69.31007960022458,22.30503819932069]]],[[[69.32773369919202,22.336379000401642],[69.32802419989918,22.337192399451503],[69.32852220026177,22.33647030010765],[69.32773369919202,22.336379000401642]]],[[[69.45168794304017,22.35823236208117],[69.45245071040495,22.3507005067324],[69.43828297220199,22.35385393012261],[69.45168794304017,22.35823236208117]]],[[[69.18302320020915,22.366931300125874],[69.18513970031275,22.364399800083895],[69.18479939962936,22.36419229954459],[69.18302320020915,22.366931300125874]]],[[[69.19488389993937,22.37416890018075],[69.19421160023097,22.36800199959243],[69.19092480013141,22.369811399998184],[69.19488389993937,22.37416890018075]]],[[[69.54816368405447,22.373155581846003],[69.5508335166026,22.373734801660124],[69.55162046456527,22.372890707556916],[69.54816368405447,22.373155581846003]]],[[[69.3398211794634,22.38038902382872],[69.32335964157177,22.381291291270593],[69.33940896325576,22.385974093296674],[69.3398211794634,22.38038902382872]]],[[[69.21663819914727,22.38265979996408],[69.2171195995199,22.38262659981274],[69.21684569941701,22.382419099721954],[69.21663819914727,22.38265979996408]]],[[[69.21384940058657,22.382726199916803],[69.21482049984432,22.38376370034733],[69.21428099943795,22.382551900252835],[69.21384940058657,22.382726199916803]]],[[[69.19968129976066,22.384510699975493],[69.20032039984996,22.38720820039899],[69.20185589979715,22.38700899991615],[69.19968129976066,22.384510699975493]]],[[[69.48265782553746,22.388074212038923],[69.4823164257227,22.38623222303317],[69.47736935382616,22.38683148212061],[69.47923978362847,22.38837445382284],[69.48265782553746,22.388074212038923]]],[[[69.20513439991021,22.389747999606215],[69.20515100038767,22.389590299741112],[69.20502650021744,22.38965670020847],[69.20513439991021,22.389747999606215]]],[[[69.20364870001004,22.38964839994019],[69.20361550032139,22.389913999804143],[69.20417160003986,22.389664999921603],[69.20364870001004,22.38964839994019]]],[[[69.47905288569369,22.398019245024503],[69.48389630065854,22.38852040191687],[69.47611344584256,22.38913051964204],[69.47905288569369,22.398019245024503]]],[[[69.2053419003038,22.395665899688787],[69.20601420017442,22.39638800016276],[69.20542490011226,22.39545839985511],[69.2053419003038,22.395665899688787]]],[[[69.20937569944172,22.400131299846944],[69.20954999981913,22.400006800332655],[69.20950019965636,22.399932100444207],[69.20937569944172,22.400131299846944]]],[[[69.20864530055107,22.401127299824186],[69.20847099995511,22.401442700404036],[69.20871170010456,22.401193700066866],[69.20864530055107,22.401127299824186]]],[[[69.50940754809638,22.431962501674807],[69.55128209255629,22.407653881571825],[69.54130106890887,22.394148333783757],[69.55826528829381,22.376153623928342],[69.5408430109972,22.38055256620556],[69.51879696693162,22.372430299522176],[69.50940754809638,22.431962501674807]]],[[[69.20686080011697,22.403733499861133],[69.20823030012413,22.402861999958272],[69.20843780055007,22.4023058999851],[69.20694380005395,22.403086099656246],[69.20686080011697,22.403733499861133]]],[[[69.20560749970068,22.40445560042158],[69.20595610018563,22.40501170040018],[69.20579839957469,22.40412359968913],[69.20560749970068,22.40445560042158]]],[[[69.16574800020248,22.4132630001011],[69.16735399984348,22.412094999534762],[69.16677000011344,22.41100000002799],[69.16574800020248,22.4132630001011]]],[[[69.27841509963214,22.41717120041685],[69.28046519982006,22.41592620003991],[69.27814949935448,22.416058999394114],[69.27841509963214,22.41717120041685]]],[[[69.27657250038057,22.419246200488175],[69.27799180034273,22.41923789964101],[69.27780919970357,22.41857390002717],[69.27657250038057,22.419246200488175]]],[[[69.07157909958849,22.429861899650323],[69.07182810043837,22.429679299972655],[69.0716454996767,22.429629500573782],[69.07157909958849,22.429861899650323]]],[[[69.0527629996022,22.430326699973943],[69.05322779999437,22.430160700120837],[69.05277130032829,22.43009430030604],[69.0527629996022,22.430326699973943]]],[[[69.62120124638598,22.457336843466567],[69.65682751198291,22.42537913853491],[69.63649788126763,22.405715812472064],[69.59034686796856,22.430723935355406],[69.62120124638598,22.457336843466567]]],[[[69.11026540016445,22.436734299935015],[69.11060569949844,22.43691689978901],[69.1106139998835,22.436792399604418],[69.11026540016445,22.436734299935015]]],[[[69.06913059936055,22.438302999510608],[69.06890649953206,22.437946100131775],[69.06885669984722,22.43797930025054],[69.06913059936055,22.438302999510608]]],[[[69.73562531953762,22.448281235407073],[69.7384388584344,22.448357096864573],[69.73887655039088,22.447711907098174],[69.73562531953762,22.448281235407073]]],[[[69.14502561192415,22.4746547467102],[69.14473636418022,22.450449216814093],[69.11542192078869,22.466788147176334],[69.08417104525194,22.422462675949145],[69.09397292146362,22.460910696322888],[69.12682889155427,22.474976337158775],[69.14502561192415,22.4746547467102]]],[[[69.73685336646815,22.449413046183654],[69.73690983249247,22.448880170867728],[69.73611280222472,22.449370534458705],[69.73685336646815,22.449413046183654]]],[[[69.29171139470999,22.458718146606664],[69.31776363298704,22.472089965616792],[69.32645542437109,22.457169755154524],[69.29171139470999,22.458718146606664]]],[[[69.30507930846603,22.470613103906953],[69.30420381543134,22.472576842816075],[69.30807159565431,22.471404482545374],[69.30507930846603,22.470613103906953]]],[[[69.08519940042537,22.485870300019286],[69.08703369952705,22.488891499712576],[69.0883201996271,22.489621900127506],[69.08519940042537,22.485870300019286]]],[[[69.80097560026776,22.488955999901606],[69.80239519964633,22.49361329956695],[69.8044912999192,22.492682599908193],[69.80097560026776,22.488955999901606]]],[[[69.31592074124704,22.52286763512761],[69.35414530888907,22.523870166981567],[69.36346300550358,22.512199150931508],[69.31592074124704,22.52286763512761]]],[[[69.94499799969454,22.524113500029582],[69.93291039938585,22.519445899800758],[69.93855020053428,22.532346899749513],[69.94499799969454,22.524113500029582]]],[[[69.93490902205869,22.526153924469735],[69.92767317203086,22.52885658946536],[69.93617117556715,22.533680302245372],[69.93490902205869,22.526153924469735]]],[[[69.40313920039118,22.527403499908043],[69.40385300040656,22.52859870030612],[69.40387789984642,22.527171099699455],[69.40313920039118,22.527403499908043]]],[[[69.94438279954593,22.53129389977062],[69.94507449941607,22.529667900065814],[69.94310659956841,22.530989800420958],[69.94438279954593,22.53129389977062]]],[[[69.93148180019405,22.540597199867722],[69.919086299364,22.5425498995135],[69.93470540024705,22.535041300433647],[69.91652930000392,22.53144219959648],[69.93059570027427,22.519768700043166],[69.9186644999934,22.513359599776322],[69.8636655993446,22.528218699766562],[69.89097860039386,22.52441060063203],[69.91677379993008,22.548833299758336],[69.93148180019405,22.540597199867722]]],[[[69.95458670030129,22.534749900077262],[69.95681299993493,22.53494119982821],[69.95436539989319,22.534275300110178],[69.95458670030129,22.534749900077262]]],[[[70.05731910586783,22.54023735644917],[70.0482154674828,22.523750910136076],[70.0349106968761,22.535586760463065],[70.04016152277018,22.552843960585573],[70.05731910586783,22.54023735644917]]],[[[69.93049679980732,22.539446200264297],[69.932957300343,22.53853059966118],[69.9304054000894,22.538988999956008],[69.93049679980732,22.539446200264297]]],[[[69.95764239987227,22.541311100200645],[69.96396900028289,22.542255300684147],[69.9570754998176,22.53883909975807],[69.95764239987227,22.541311100200645]]],[[[69.94435840085858,22.550361700268333],[69.95085759995973,22.536624500474083],[69.9393931999495,22.53972970065572],[69.94435840085858,22.550361700268333]]],[[[70.01204870045267,22.54944950073564],[70.023027599408,22.552696299987808],[70.024323800565,22.552524600260995],[70.01204870045267,22.54944950073564]]],[[[70.00506999931784,22.549933799750054],[70.00948749984902,22.551854899765065],[70.01205979941737,22.55420110033473],[70.01179200031991,22.552232799392254],[70.00506999931784,22.549933799750054]]],[[[70.01619389921018,22.55739930055723],[70.02433870016125,22.556123800205526],[70.01298010027756,22.553793300065283],[70.01619389921018,22.55739930055723]]],[[[70.03988029980255,22.564367499867288],[70.04088339967241,22.565627899713558],[70.04605229957745,22.57077230021665],[70.03988029980255,22.564367499867288]]],[[[70.02407610025621,22.584107999727674],[70.00685380005066,22.554606099816617],[70.00269720084242,22.556224700198957],[70.00491150001822,22.568561300551917],[70.00094809948644,22.57230820001662],[69.99416259925285,22.54949119970873],[69.97507510092359,22.546785800046163],[69.97830340020872,22.548544599960106],[69.98080589974975,22.55603750030333],[69.97580029921984,22.563397599617666],[69.97730079929259,22.548646899932177],[69.9593624993837,22.550064900154254],[69.9759648001493,22.580419199963693],[70.02407610025621,22.584107999727674]]],[[[69.93216569900551,22.578644218895022],[69.93347815167607,22.57800708524628],[69.93218476850676,22.57763276541414],[69.93216569900551,22.578644218895022]]],[[[70.04529014314353,22.59461117931318],[70.04692822681345,22.593852498939835],[70.0448131537088,22.593627354872325],[70.04529014314353,22.59461117931318]]],[[[69.96112959957124,22.599380200242983],[69.96239359987803,22.599309699150307],[69.96063090028835,22.59860179935834],[69.96112959957124,22.599380200242983]]],[[[69.95215930054715,22.6048092999023],[69.95884909981797,22.595712500167906],[69.95093920019724,22.60040199960159],[69.95215930054715,22.6048092999023]]],[[[70.12911577251919,22.981928464081896],[70.13234888542165,22.98307967516089],[70.1305688212318,22.980018534731308],[70.12911577251919,22.981928464081896]]],[[[70.44994534447709,22.985227061812143],[70.4357397131625,22.984307690063456],[70.45631673495951,22.997667022297616],[70.44994534447709,22.985227061812143]]],[[[70.41104240306862,22.991304569801308],[70.41558087858894,23.017152372392754],[70.44932771697651,23.04939002451937],[70.43120906214303,23.006243879400454],[70.41104240306862,22.991304569801308]]],[[[70.43964014750038,23.04305088531621],[70.41619263312933,23.023802749915152],[70.44162792556611,23.047461142424183],[70.43964014750038,23.04305088531621]]],[[[70.44832964559953,23.026635195791165],[70.46008871625256,23.0469102579748],[70.44919706714349,23.025144839457965],[70.44832964559953,23.026635195791165]]],[[[70.45120828947967,23.044770296627505],[70.45262709878321,23.04331125713665],[70.451045874403,23.04245424702073],[70.45120828947967,23.044770296627505]]],[[[70.46202762660134,23.04266070572585],[70.48009337316611,23.06186050630727],[70.48344122222356,23.062720591731143],[70.46202762660134,23.04266070572585]]],[[[70.45837664381325,23.055331531881617],[70.45847819365441,23.053841598396343],[70.45748798230233,23.05421234571179],[70.45837664381325,23.055331531881617]]],[[[70.46592625834425,23.05784212598324],[70.46277708809507,23.054611263844482],[70.46224529108433,23.054719954191235],[70.46592625834425,23.05784212598324]]],[[[70.25646397388994,23.17377469592981],[70.25780887608626,23.170642319102406],[70.25661994222337,23.170621012886212],[70.25646397388994,23.17377469592981]]],[[[70.25585194156169,23.175929313281276],[70.25217145967765,23.175484551510106],[70.24956959636856,23.17697739923559],[70.25585194156169,23.175929313281276]]],[[[68.52531855583561,23.689686439978164],[68.54742652824602,23.674954379307405],[68.52204239948665,23.653477520167513],[68.52531855583561,23.689686439978164]]],[[[73.01072820827387,8.277513290662332],[73.01104190080773,8.275876773923974],[73.0101245789216,8.277517606145368],[73.01072820827387,8.277513290662332]]],[[[73.03588455213891,8.264093077780274],[73.0206976528433,8.268487886630925],[73.01764118975471,8.275331729495555],[73.04762763301993,8.275136059178509],[73.06350480325084,8.293544012895552],[73.06851764206867,8.308803138679906],[73.07480236177643,8.320319084194065],[73.07828784085248,8.32396797729854],[73.0658529103132,8.284624620069783],[73.03588455213891,8.264093077780274]]],[[[73.01357088893141,8.302049381755337],[73.01383881579555,8.301687845546084],[73.01349839627355,8.301809817598917],[73.01357088893141,8.302049381755337]]],[[[72.33495340030703,10.09923859971795],[72.3383874002932,10.10274540047055],[72.33387369946054,10.0963310997157],[72.33495340030703,10.09923859971795]]],[[[72.33157692980981,10.132679891830582],[72.32718399072569,10.129537415078127],[72.32792159487956,10.138406779528712],[72.33157692980981,10.132679891830582]]],[[[72.64045408978248,10.578966441349351],[72.64952689483849,10.563262290179267],[72.61678051931608,10.542093330557094],[72.64045408978248,10.578966441349351]]],[[[72.53340479966323,10.784240699857433],[72.53631160022807,10.782184000600207],[72.53135969976262,10.780667199851576],[72.53340479966323,10.784240699857433]]],[[[72.32035800399369,10.945751993964363],[72.31628619377683,10.948956077867626],[72.32683423580588,10.951254461903902],[72.32035800399369,10.945751993964363]]],[[[72.3315094182586,10.950369328305127],[72.33016436380605,10.951381660224994],[72.33340746205737,10.952417332596143],[72.3315094182586,10.950369328305127]]],[[[72.3342398371174,10.953154267907097],[72.33281241985854,10.954663802564978],[72.33459176500072,10.955012117588376],[72.3342398371174,10.953154267907097]]],[[[72.33479752116588,10.955947853622606],[72.33426176810153,10.958944740760964],[72.3352226801683,10.957561679779884],[72.33479752116588,10.955947853622606]]],[[[72.72720681611514,11.120146554400096],[72.72084323804225,11.130160833403249],[72.73388549541973,11.135847653664996],[72.72720681611514,11.120146554400096]]],[[[72.76157529176969,11.182518157907976],[72.77932586754358,11.24234501110817],[72.79007604401349,11.260149044375922],[72.77694938231363,11.217148690576787],[72.76948175545881,11.20542062759525],[72.76294356280962,11.183915469022253],[72.76157529176969,11.182518157907976]]],[[[73.00707707716276,11.470922527504024],[72.99805078106517,11.496967857833116],[72.99942506242547,11.498188921271879],[73.00981946915883,11.487349743798744],[73.00707707716276,11.470922527504024]]],[[[72.71723434034288,11.694463721878535],[72.70536676260716,11.682913815253917],[72.71635655948941,11.7036623024476],[72.71723434034288,11.694463721878535]]],[[[73.4588397001443,15.886658799950943],[73.45887410025516,15.887633199922888],[73.45927739995238,15.88693840032802],[73.4588397001443,15.886658799950943]]],[[[73.45771990041145,15.887365400079382],[73.45799819966578,15.88729020008673],[73.45784180038015,15.887125899947193],[73.45771990041145,15.887365400079382]]],[[[73.46402210010964,15.8886567999481],[73.46198679974454,15.888979000174658],[73.46209149957225,15.890036100336742],[73.46402210010964,15.8886567999481]]],[[[73.45584659957045,15.887727199913108],[73.45561539955642,15.889748399659027],[73.45666660016232,15.887996499567366],[73.45584659957045,15.887727199913108]]],[[[73.46654586315707,15.893938310019255],[73.46717597715158,15.894193486392247],[73.46706826768461,15.893717066868735],[73.46654586315707,15.893938310019255]]],[[[73.4652960002522,15.895012299827064],[73.46534489993257,15.895719999805461],[73.46563069990196,15.894716199712487],[73.4652960002522,15.895012299827064]]],[[[73.46603665812873,15.895448033342003],[73.46655360784827,15.895515960250034],[73.46654064790985,15.895217443223784],[73.46603665812873,15.895448033342003]]],[[[73.46664689965478,15.898257799928821],[73.46702160013544,15.898417700122199],[73.46706319997753,15.89811820037236],[73.46664689965478,15.898257799928821]]],[[[73.46571470027294,15.898552299593248],[73.46497599974984,15.899599900113136],[73.46562910027495,15.899418200015232],[73.46571470027294,15.898552299593248]]],[[[73.4719590003041,15.904913999667492],[73.47191299972613,15.904684000431375],[73.47179800043683,15.904798999570794],[73.4719590003041,15.904913999667492]]],[[[73.4669219999056,15.905098000060757],[73.46703699973561,15.90468399954472],[73.46669200024942,15.90468399996491],[73.4669219999056,15.905098000060757]]],[[[73.46637930015183,15.925110400259081],[73.4655824996052,15.925118700082232],[73.46588129989048,15.925732899818268],[73.46637930015183,15.925110400259081]]],[[[73.46603900015533,15.92638030040556],[73.46666929971559,15.926554200345457],[73.46667689961686,15.926158000343523],[73.46603900015533,15.92638030040556]]],[[[73.46285180010265,15.929559200249294],[73.462818600399,15.93061329992136],[73.46333320042736,15.929633899872556],[73.46285180010265,15.929559200249294]]],[[[73.46299180012056,15.931415899860788],[73.46297730003336,15.931492900209243],[73.46304039951696,15.931461900305548],[73.46299180012056,15.931415899860788]]],[[[73.46363200034459,15.932763000139037],[73.46352410010137,15.931592699863394],[73.46290990039168,15.93265509991985],[73.46363200034459,15.932763000139037]]],[[[73.45841319964082,15.985453299701312],[73.4593935002854,15.985706600243109],[73.45926669965213,15.985239999903717],[73.45841319964082,15.985453299701312]]],[[[73.45968020030898,15.986733100015893],[73.45958680014294,15.986173199930509],[73.45932679986987,15.986506499706417],[73.45968020030898,15.986733100015893]]],[[[73.46064720035662,15.986193200072826],[73.46066049992402,15.987159700125172],[73.4611473002356,15.986799700073611],[73.46064720035662,15.986193200072826]]],[[[73.4589599999601,15.986912999629219],[73.45843319989505,15.986673100259175],[73.45847979986785,15.98701969953916],[73.4589599999601,15.986912999629219]]],[[[73.45627820023597,15.98764260023801],[73.45655209995488,15.987443400227354],[73.45630309992897,15.987302300093102],[73.45627820023597,15.98764260023801]]],[[[73.46361269977311,15.988993399878108],[73.46307260039056,15.988786799808036],[73.46327929998364,15.989206699677176],[73.46361269977311,15.988993399878108]]],[[[73.4647263996477,15.991094600291342],[73.46431959966345,15.990708000342837],[73.46427960001097,15.99115459986184],[73.4647263996477,15.991094600291342]]],[[[73.46448965931134,15.992179222080123],[73.46407588253417,15.992321048768662],[73.46477891952007,15.992939095447351],[73.46448965931134,15.992179222080123]]],[[[73.45692859999625,15.993671800260676],[73.45650539989468,15.993380700201913],[73.45664279967245,15.9937431999746],[73.45692859999625,15.993671800260676]]],[[[73.47127789995639,15.993908800125963],[73.47113779957483,15.993155600125846],[73.47086440043046,15.993635500361718],[73.47127789995639,15.993908800125963]]],[[[73.45790130007641,15.993896999952241],[73.45734630046917,15.993550999906288],[73.45739570043952,15.994067300300156],[73.45790130007641,15.993896999952241]]],[[[73.45552720020409,15.993869599940089],[73.455131500133,15.99355649983177],[73.4551314998371,15.993918999956351],[73.45552720020409,15.993869599940089]]],[[[73.4563076000763,15.99386960000179],[73.4558953998914,15.993562000127811],[73.45601080022118,15.9939683997797],[73.4563076000763,15.99386960000179]]],[[[73.47223149954495,15.994142100000426],[73.47188470043666,15.99393549960561],[73.47197140041978,15.994208799641667],[73.47223149954495,15.994142100000426]]],[[[73.4551149997671,15.994001399701732],[73.4546699004285,15.994215600024194],[73.45497759969555,15.994369400314156],[73.4551149997671,15.994001399701732]]],[[[73.4709844004219,15.99435539983224],[73.47047100029151,15.994108800364536],[73.47053100013709,15.994415400204955],[73.4709844004219,15.99435539983224]]],[[[73.47029090044123,15.994348700245348],[73.46991079952538,15.993962100139731],[73.46984409998171,15.994402100384898],[73.47029090044123,15.994348700245348]]],[[[73.45803754430494,15.994898184207642],[73.45793764389977,15.99449872761492],[73.45782484972334,15.994781428092764],[73.45803754430494,15.994898184207642]]],[[[73.47135119964828,15.994922000017253],[73.47082440013904,15.994735300122645],[73.4709844000358,15.995081900309398],[73.47135119964828,15.994922000017253]]],[[[73.4719446996938,15.994761999953466],[73.4715179000887,15.99492859957652],[73.47177129959123,15.99503529978548],[73.4719446996938,15.994761999953466]]],[[[73.47052429967958,15.995101900283462],[73.469704100443,15.99530190008052],[73.47001749957462,15.995788500156529],[73.47052429967958,15.995101900283462]]],[[[73.47136459953305,15.995561800024738],[73.47094440029846,15.995661799580445],[73.47123790041353,15.995761799719729],[73.47136459953305,15.995561800024738]]],[[[73.470024200099,15.996788299585443],[73.46961739958097,15.996934900058752],[73.46987079955242,15.997094899825504],[73.470024200099,15.996788299585443]]],[[[73.47127091791307,15.997491729848575],[73.47154089848596,15.998038802063675],[73.4715865723958,15.997352715887404],[73.47127091791307,15.997491729848575]]],[[[73.46005930017311,16.02360159968205],[73.46029589983472,16.023606499970906],[73.46026959987317,16.02340870028284],[73.46005930017311,16.02360159968205]]],[[[73.45929110043073,16.045626399990116],[73.46080170026498,16.03907769960758],[73.45702519986195,16.0407293996464],[73.45929110043073,16.045626399990116]]],[[[73.4648620996679,16.046086199889864],[73.46460669956781,16.04706500037432],[73.46510279972624,16.046958599956067],[73.4648620996679,16.046086199889864]]],[[[73.46155949962137,16.051306500111334],[73.46116889956252,16.05182529957267],[73.46144129978583,16.05206669953912],[73.46155949962137,16.051306500111334]]],[[[73.46382136610524,16.073779748849176],[73.46341915085227,16.07381753039689],[73.46375448273588,16.07396905819242],[73.46382136610524,16.073779748849176]]],[[[73.46406412372234,16.074423160241945],[73.46370618796331,16.074172056886052],[73.46362542306774,16.074343191147864],[73.46406412372234,16.074423160241945]]],[[[73.45778879983273,16.087549699648864],[73.45768919975686,16.08812240011345],[73.45827019952164,16.089218000407918],[73.45778879983273,16.087549699648864]]],[[[73.44470800012989,16.09821520038508],[73.44401080018713,16.099036900427844],[73.44415189965477,16.099269300199648],[73.44470800012989,16.09821520038508]]],[[[73.44355430000286,16.099584700058642],[73.44300650024364,16.102722099600758],[73.443969299777,16.09966769973534],[73.44355430000286,16.099584700058642]]],[[[73.44167019995456,16.103286499789487],[73.44171170033177,16.104149700299455],[73.4419523995308,16.10302920039345],[73.44167019995456,16.103286499789487]]],[[[73.28310389988494,16.957730299664295],[73.28348619961945,16.957525299831705],[73.28306210025204,16.957401899955492],[73.28310389988494,16.957730299664295]]],[[[73.28548236009205,16.989505733547404],[73.28554276389866,16.98932460501298],[73.28542621098637,16.989353237043854],[73.28548236009205,16.989505733547404]]],[[[73.11922153261155,17.765985366652764],[73.11968777557641,17.7661609036512],[73.11947519048412,17.76552037107402],[73.11922153261155,17.765985366652764]]],[[[73.10136224748112,17.804056476355655],[73.10127211947889,17.804713143604946],[73.10156849811185,17.80411700994739],[73.10136224748112,17.804056476355655]]],[[[73.08776140025184,17.80737210042244],[73.08741020031148,17.80773370026153],[73.08780249973424,17.807783900311353],[73.08776140025184,17.80737210042244]]],[[[73.08279930008648,17.817964500309635],[73.08503849961238,17.815525100234503],[73.08365759979317,17.814538400197446],[73.08279930008648,17.817964500309635]]],[[[72.97845419030347,18.103449948510598],[72.97689583194523,18.103983945900143],[72.97806786141221,18.10467243827432],[72.97845419030347,18.103449948510598]]],[[[72.96354409974408,18.300834199723],[72.96584729979045,18.298839900328883],[72.96310400015518,18.299654500047925],[72.96354409974408,18.300834199723]]],[[[72.93270590023039,18.3226982003582],[72.93238219987285,18.321461499571978],[72.93193400025764,18.32174369971558],[72.93270590023039,18.3226982003582]]],[[[72.81275200021922,18.70675269979536],[72.81492440021624,18.70337630004752],[72.81313650029826,18.70249269991469],[72.81275200021922,18.70675269979536]]],[[[72.84210989992926,18.70747759989521],[72.84255200007817,18.70683980027535],[72.84150470006583,18.70558490035869],[72.84210989992926,18.70747759989521]]],[[[72.89969693068527,18.832020692295643],[72.8995546493476,18.82990563500061],[72.89832850090202,18.831409264605433],[72.89969693068527,18.832020692295643]]],[[[72.89716430010677,18.834204999852545],[72.89653980047457,18.833523099590828],[72.89644040016417,18.834397399858847],[72.89716430010677,18.834204999852545]]],[[[72.82771320041367,18.90198590018875],[72.82718290036287,18.90269829999765],[72.82783720007518,18.9030035003337],[72.82771320041367,18.90198590018875]]],[[[72.84745019968432,18.919119900357547],[72.84817229990651,18.91833139958386],[72.84720120035772,18.91860529966196],[72.84745019968432,18.919119900357547]]],[[[72.85148210003302,18.94868420045898],[72.85192200001417,18.94741430001049],[72.85110859972028,18.947945500288238],[72.85148210003302,18.94868420045898]]],[[[72.89989069994462,18.96150490028758],[72.90618490022136,18.95940809985124],[72.90278690017793,18.95690469981259],[72.89989069994462,18.96150490028758]]],[[[72.94134439973728,18.969713099763812],[72.935196999805,18.952857400024392],[72.92476400043044,18.96009190034587],[72.928632599574,18.966997599728774],[72.94134439973728,18.969713099763812]]],[[[72.81083150516437,19.079799822561505],[72.80744807606835,19.074510070488408],[72.80887987411619,19.07924344521713],[72.81083150516437,19.079799822561505]]],[[[72.77446037048682,19.134058188408687],[72.77346965995889,19.132874990003824],[72.77297924907222,19.13350238517628],[72.77446037048682,19.134058188408687]]],[[[72.78284280011957,19.133082699781355],[72.7813272001354,19.13499370005072],[72.78306150032473,19.13454730007287],[72.78284280011957,19.133082699781355]]],[[[72.76632014370979,19.24109500340638],[72.76799794729921,19.241952810453338],[72.76616405033771,19.239522303436807],[72.76632014370979,19.24109500340638]]],[[[72.75866540008387,19.267574200204155],[72.75796439995891,19.26683969961607],[72.75835380038995,19.267681199603736],[72.75866540008387,19.267574200204155]]],[[[72.76391790013668,19.284963500114923],[72.7637481000792,19.28413189999777],[72.76345089994848,19.284174299718227],[72.76391790013668,19.284963500114923]]],[[[72.76999196368986,19.30986867308423],[72.7700770675456,19.308875560800626],[72.769523418049,19.30973667634439],[72.76999196368986,19.30986867308423]]],[[[72.7717983264378,19.30900678431331],[72.77293906329106,19.309519282337405],[72.77228038382646,19.3083521616424],[72.7717983264378,19.30900678431331]]],[[[72.7941925218504,19.320394141723053],[72.79328079580017,19.32170459647648],[72.79513083653625,19.320603746701114],[72.7941925218504,19.320394141723053]]],[[[72.7633218998857,19.336192199884433],[72.7626782004589,19.33517360038344],[72.76252490045258,19.33572659977479],[72.7633218998857,19.336192199884433]]],[[[72.75635567296798,19.343317168696576],[72.75467470747611,19.34632963560592],[72.7571445329503,19.349696634880644],[72.75635567296798,19.343317168696576]]],[[[72.72827690003761,19.467160300417092],[72.73646900045581,19.465674600171628],[72.73353080002482,19.459109299903467],[72.72827690003761,19.467160300417092]]],[[[72.75331529999389,21.566033299541502],[72.75684349937765,21.594040999925635],[72.77066810031039,21.597352899926005],[72.75331529999389,21.566033299541502]]],[[[72.74001873135862,21.64475884237237],[72.81589837302512,21.65284755643486],[72.81977827568225,21.623857980104056],[72.72769795830065,21.585772458199305],[72.70194278711804,21.592070806179393],[72.64220657172493,21.53224534088705],[72.57519465884329,21.532325420922643],[72.58016544137708,21.585712740164002],[72.60047472368414,21.577932628053333],[72.59880227913064,21.54866821021969],[72.61742312629974,21.546973856410524],[72.60695504492946,21.587579026983597],[72.62660387339827,21.62882704072132],[72.67189992939741,21.645324773309085],[72.74001873135862,21.64475884237237]]],[[[72.36115810992997,21.595694587897988],[72.34909349508126,21.605922394197705],[72.35031178536258,21.60843213666123],[72.36115810992997,21.595694587897988]]],[[[72.74840835003029,21.65439711879463],[72.7495092511185,21.653684964302595],[72.74947754207781,21.651725149043067],[72.74840835003029,21.65439711879463]]],[[[72.75062531477967,21.660179635082894],[72.74334599818306,21.648077219237628],[72.74038485442293,21.64729840068252],[72.74102746969947,21.655226192632085],[72.75062531477967,21.660179635082894]]],[[[72.73544927007538,21.653467130630567],[72.72531127797828,21.650915603370958],[72.73708724900533,21.65971595185562],[72.73544927007538,21.653467130630567]]],[[[72.76072481652803,21.659696663474364],[72.75582577731707,21.6546673199531],[72.75062392669213,21.654008801724853],[72.76072481652803,21.659696663474364]]],[[[72.7339877749825,21.6649281736035],[72.72417049300995,21.652607220780848],[72.71513178638621,21.65967863986986],[72.72993879763762,21.661894733429826],[72.7339877749825,21.6649281736035]]],[[[72.74241924707607,21.65751829025649],[72.74459542101455,21.661115012649457],[72.74728571474512,21.66117891019836],[72.74241924707607,21.65751829025649]]],[[[72.7253888073027,21.67038601671411],[72.72696994020093,21.662348294598452],[72.71669176605153,21.663606439420434],[72.7253888073027,21.67038601671411]]],[[[73.6310241863407,10.068549010600716],[73.63043128822972,10.0678844933154],[73.63028985030462,10.06808337558041],[73.6310241863407,10.068549010600716]]],[[[73.63164914502252,10.068924223088533],[73.63161724027023,10.068657529551881],[73.63127969640726,10.068734346359355],[73.63164914502252,10.068924223088533]]],[[[73.63266711990282,10.069517941808776],[73.63281684770371,10.068485718847574],[73.6323789905097,10.068485717061474],[73.63266711990282,10.069517941808776]]],[[[73.63469044520879,10.071523471669241],[73.63351168721529,10.071854967480535],[73.6345747733868,10.071995805745033],[73.63469044520879,10.071523471669241]]],[[[73.62706032351595,10.0718670232106],[73.62796802174823,10.074036913959551],[73.62868417615424,10.073322667981428],[73.62706032351595,10.0718670232106]]],[[[73.63052588941963,10.073208870424935],[73.63103476565831,10.073029142039578],[73.63049955253808,10.072747161867147],[73.63052588941963,10.073208870424935]]],[[[73.64714844863258,10.058368445848602],[73.63490597776139,10.07095389556518],[73.65110086842105,10.101647798437826],[73.64724045599193,10.076210983856635],[73.64714844863258,10.058368445848602]]],[[[73.65240604476364,10.109043289959295],[73.65196806438502,10.108424008816787],[73.65201824016417,10.109215040760809],[73.65240604476364,10.109043289959295]]],[[[73.65896986033746,10.155106805385492],[73.66275039258153,10.13410869361047],[73.6612809372995,10.129579273595528],[73.65990756851006,10.128928428493026],[73.65896986033746,10.155106805385492]]],[[[73.6611457048413,10.807370336594866],[73.69932559380325,10.816097739020956],[73.70163874707367,10.814026922703883],[73.6611457048413,10.807370336594866]]],[[[74.52586599974913,13.973323900154911],[74.5261399004296,13.973730600362817],[74.5262644001092,13.973315600023659],[74.52586599974913,13.973323900154911]]],[[[74.52376610031688,13.975183100227119],[74.52419769999379,13.975108399579065],[74.52405660033041,13.974784699848463],[74.52376610031688,13.975183100227119]]],[[[74.50900869962328,13.981690300319363],[74.50925769961694,13.981607300196734],[74.50919960007676,13.98154920041548],[74.50900869962328,13.981690300319363]]],[[[74.50959349970738,13.981892400016694],[74.50986890029758,13.981954000271564],[74.50964930037593,13.981784599632508],[74.50959349970738,13.981892400016694]]],[[[74.50921589965841,13.982042499781212],[74.50939120041461,13.98213300041846],[74.5093526997977,13.981967499636658],[74.50921589965841,13.982042499781212]]],[[[74.50538989988716,13.997510099574342],[74.50560569960946,13.997692699671045],[74.50574680020507,13.997319200212294],[74.50538989988716,13.997510099574342]]],[[[74.50568039971304,13.998979199558798],[74.5059376999083,13.99910370024781],[74.50598750010603,13.998937699697693],[74.50568039971304,13.998979199558798]]],[[[74.5063692999348,13.999535300222103],[74.50689220040336,13.999468899722865],[74.50666810030326,13.999228199981719],[74.5063692999348,13.999535300222103]]],[[[74.50570529978789,14.000747099844437],[74.50580489975877,14.000929699747793],[74.50591279981602,14.000755400130846],[74.50570529978789,14.000747099844437]]],[[[74.4823408000265,14.010698800042539],[74.48243209968909,14.007196200166707],[74.47907889966578,14.008515900217072],[74.4823408000265,14.010698800042539]]],[[[74.32293099963036,14.010117799960597],[74.32327129952527,14.010997600319314],[74.32358670023633,14.010607500265795],[74.32293099963036,14.010117799960597]]],[[[74.32493129966109,14.020409799544469],[74.32944649981589,14.015620700085075],[74.32481509956516,14.014375700141184],[74.32493129966109,14.020409799544469]]],[[[74.4918022948106,14.017498628769939],[74.49198310546025,14.017982104396093],[74.4921958528044,14.017629564113303],[74.4918022948106,14.017498628769939]]],[[[74.48830850022242,14.019297599707338],[74.48863220044748,14.019862000435877],[74.48890610017719,14.01952999959506],[74.48830850022242,14.019297599707338]]],[[[74.48703860009908,14.024584699702542],[74.4852872995338,14.022277300397581],[74.48430790043943,14.022783600176561],[74.48703860009908,14.024584699702542]]],[[[74.48551969980062,14.025472800227087],[74.48562760044402,14.025340000415026],[74.485362000152,14.025190600100315],[74.48551969980062,14.025472800227087]]],[[[74.47881329978614,14.082045600163207],[74.47847300006414,14.082369299704135],[74.47902910031748,14.082427400447704],[74.47881329978614,14.082045600163207]]],[[[74.47021020007443,14.083101899565499],[74.4702384004454,14.084520799948193],[74.4716466998522,14.08424040011862],[74.47021020007443,14.083101899565499]]],[[[74.48074720000965,14.087224800266197],[74.47998359962055,14.087174999908246],[74.4796350001331,14.087681300055465],[74.48074720000965,14.087224800266197]]],[[[74.4022840000856,14.315674999882729],[74.40075500016876,14.312055999584423],[74.39776300034535,14.312914000359191],[74.4022840000856,14.315674999882729]]],[[[74.38720620014952,14.41835330022533],[74.38692399971195,14.417041899623872],[74.38655880001697,14.417357299697816],[74.38720620014952,14.41835330022533]]],[[[74.31881419964073,14.517065200168648],[74.31908809964418,14.517214600406088],[74.31904660029332,14.516799600030831],[74.31881419964073,14.517065200168648]]],[[[74.31932880023746,14.519165099654975],[74.31964419953594,14.519082100351184],[74.31947820003285,14.51895760038773],[74.31932880023746,14.519165099654975]]],[[[74.30920279968075,14.526319700370598],[74.30913640040839,14.52561420032544],[74.30863839985119,14.525780199668567],[74.30920279968075,14.526319700370598]]],[[[74.27286999985824,14.62461499985428],[74.27304500039605,14.624935000194847],[74.27314999967233,14.624550000272569],[74.27286999985824,14.62461499985428]]],[[[74.2732449999096,14.636825000170433],[74.27363000013443,14.636879999898357],[74.2732849997676,14.636714999767959],[74.2732449999096,14.636825000170433]]],[[[74.27733000011675,14.660539999720838],[74.27581499961126,14.660774999941381],[74.27749500033056,14.66122499965359],[74.27733000011675,14.660539999720838]]],[[[74.25403499964857,14.704205000054099],[74.25431000015952,14.704294999820018],[74.25427000014054,14.704149999575547],[74.25403499964857,14.704205000054099]]],[[[74.25236499982886,14.704449999898383],[74.25243500039495,14.704855000265612],[74.25324999962065,14.704320000359065],[74.25236499982886,14.704449999898383]]],[[[74.24148883478429,14.710169630796052],[74.23847620883264,14.711260636650533],[74.24138660977808,14.711774501536851],[74.24148883478429,14.710169630796052]]],[[[74.25655353598583,14.724155373901977],[74.25415924879809,14.721681436930862],[74.25469269678446,14.724700339111571],[74.25655353598583,14.724155373901977]]],[[[74.14918829991697,14.724773699579917],[74.14850260024231,14.725051499687304],[74.14857169959492,14.725213699539584],[74.14918829991697,14.724773699579917]]],[[[74.14699319976025,14.726479600224257],[74.14850780023696,14.725242400084323],[74.14584899996021,14.725426199863934],[74.14699319976025,14.726479600224257]]],[[[74.16503520027584,14.73440639993341],[74.16425639998037,14.734926300359618],[74.1650694004545,14.73524719964046],[74.16503520027584,14.73440639993341]]],[[[74.1566064718427,14.736753548210716],[74.15355979401839,14.742283515013197],[74.15812955133252,14.738381792423437],[74.1566064718427,14.736753548210716]]],[[[74.22917439960952,14.740828100183004],[74.22927859988744,14.74073340016485],[74.22917909972195,14.740733400414113],[74.22917439960952,14.740828100183004]]],[[[74.12770897464598,14.758674572104875],[74.12925080021844,14.757466321287211],[74.12762191833625,14.758147325205123],[74.12770897464598,14.758674572104875]]],[[[74.10843501447232,14.763864841450705],[74.1070723783328,14.75577289513675],[74.10627553610368,14.763247841468354],[74.10843501447232,14.763864841450705]]],[[[74.13908534552588,14.763117991339755],[74.14324978860095,14.758307648151087],[74.13843975151865,14.7608628479701],[74.13908534552588,14.763117991339755]]],[[[74.08677939968983,14.792874200193983],[74.0872524997573,14.792791200326805],[74.08708650039793,14.792625199579788],[74.08677939968983,14.792874200193983]]],[[[74.08629129992076,14.795647699864709],[74.08911239991052,14.795260500184009],[74.08856890018033,14.793530000028152],[74.08629129992076,14.795647699864709]]],[[[74.05599470003895,14.817309399792977],[74.05711519984321,14.815425300381428],[74.05431809956704,14.816354899907543],[74.05599470003895,14.817309399792977]]],[[[74.07176980017056,14.818763400411791],[74.07181260016148,14.819543700129529],[74.0721708000157,14.818971899628146],[74.07176980017056,14.818763400411791]]],[[[74.07188685020238,14.820163053681929],[74.07214085975976,14.819936532407006],[74.07179102408786,14.82005789024425],[74.07188685020238,14.820163053681929]]],[[[74.06641970042196,14.82037380036735],[74.06654740000509,14.819956100163196],[74.06628620032029,14.819898100028285],[74.06641970042196,14.82037380036735]]],[[[74.06409549986375,14.82121040041753],[74.0634157999914,14.819070999723438],[74.06226740037462,14.820833899592806],[74.06409549986375,14.82121040041753]]],[[[74.06730299674523,14.82041239474403],[74.06749213181129,14.820189412827403],[74.06720664662221,14.820343298624701],[74.06730299674523,14.82041239474403]]],[[[74.05671799987498,14.820446999981698],[74.06160629987313,14.819990500245657],[74.05745400003772,14.819015900388713],[74.05671799987498,14.820446999981698]]],[[[74.09399590034508,14.838638800437533],[74.09364489978553,14.835963700131705],[74.09292920002679,14.836904800185815],[74.09399590034508,14.838638800437533]]],[[[74.0973369996004,14.842591199621227],[74.10142890029991,14.844832200096118],[74.10085620009758,14.841512199892103],[74.0973369996004,14.842591199621227]]],[[[74.10947150740046,14.842879309539438],[74.11009297128989,14.84577261575091],[74.11305044739426,14.842336769063852],[74.10947150740046,14.842879309539438]]],[[[74.09767079963498,14.848093100317909],[74.0968734004117,14.847700100037455],[74.0967530999901,14.847950899632433],[74.09767079963498,14.848093100317909]]],[[[74.10762637034357,14.865131446364675],[74.10646943862389,14.865610321270221],[74.10774712758592,14.865547184932351],[74.10762637034357,14.865131446364675]]],[[[74.10172635928895,14.8763018952169],[74.1019172120896,14.878254556059739],[74.10209136902859,14.878084421585447],[74.10172635928895,14.8763018952169]]],[[[74.09725610035863,14.878548200181287],[74.09538530030332,14.876271900339397],[74.09458559982465,14.876464299834007],[74.09725610035863,14.878548200181287]]],[[[74.09520709976466,14.879518300396995],[74.0945763000226,14.880374000290155],[74.09546710042481,14.879726700448298],[74.09520709976466,14.879518300396995]]],[[[74.0923907623244,14.880540525728598],[74.09220749275562,14.880686886833336],[74.09236532151934,14.880689137867705],[74.0923907623244,14.880540525728598]]],[[[74.09389627535546,14.881049752964458],[74.09375378856328,14.880957430636174],[74.09377473061457,14.881106768848882],[74.09389627535546,14.881049752964458]]],[[[74.09409753795359,14.88124681309257],[74.09408200851242,14.881047954694328],[74.09400606174194,14.881159755458423],[74.09409753795359,14.88124681309257]]],[[[74.09340511340581,14.881602526745192],[74.09336194139962,14.881389727870895],[74.09329480469,14.881528683706406],[74.09340511340581,14.881602526745192]]],[[[74.09254699992684,14.881681399545505],[74.09222640021281,14.882508300136847],[74.0934667998608,14.883097100022656],[74.09254699992684,14.881681399545505]]],[[[74.06363310003387,14.891480799908605],[74.0646603997615,14.892790900369794],[74.06508759972462,14.892231699811399],[74.06363310003387,14.891480799908605]]],[[[74.01428373936555,15.00793549416787],[74.01144515500033,15.00770309488426],[74.0124494498386,15.008981292077568],[74.01428373936555,15.00793549416787]]],[[[73.76006650026801,15.34414360045114],[73.7603984995693,15.344151899858463],[73.76015779969521,15.344027399564448],[73.76006650026801,15.34414360045114]]],[[[73.76627970016763,15.348845599635714],[73.76641320008132,15.348611999727657],[73.76622919955557,15.34858679985029],[73.76627970016763,15.348845599635714]]],[[[73.76439910031564,15.348857999685638],[73.76371850038072,15.349173399606734],[73.76424140028507,15.34940580006504],[73.76439910031564,15.348857999685638]]],[[[73.77337140013508,15.349231499553147],[73.77362039978604,15.349123599999134],[73.773329899621,15.349190000132374],[73.77337140013508,15.349231499553147]]],[[[73.7757535001113,15.349654800424716],[73.7756041000071,15.349463899815577],[73.77541319992486,15.349497099810398],[73.7757535001113,15.349654800424716]]],[[[73.77143010017622,15.349817900119621],[73.77194380017184,15.349372600278219],[73.77125490039856,15.349455599904507],[73.77143010017622,15.349817900119621]]],[[[73.77068299979274,15.349604200282844],[73.7710548000868,15.34977129981572],[73.77110439972428,15.349639300116774],[73.77068299979274,15.349604200282844]]],[[[73.77315310042255,15.349615300091981],[73.7733881999369,15.349747999793468],[73.77341950036727,15.349679399991738],[73.77315310042255,15.349615300091981]]],[[[73.7741983003248,15.349844399891566],[73.77464570018816,15.34966810011974],[73.77411349991351,15.349687899636763],[73.7741983003248,15.349844399891566]]],[[[73.77648390020221,15.349829100096688],[73.77645069954761,15.349654799626013],[73.77637600000773,15.349712900178801],[73.77648390020221,15.349829100096688]]],[[[73.78301880013206,15.350083600175461],[73.78313319966428,15.349929300100927],[73.78301720011292,15.349895699720777],[73.78301880013206,15.350083600175461]]],[[[73.78483953458034,15.35171546116881],[73.78509633365297,15.351614860716344],[73.78479953367932,15.351611761083001],[73.78483953458034,15.35171546116881]]],[[[73.7682084996271,15.35197270026288],[73.76836880023242,15.351887299605705],[73.7681427998298,15.351768999694654],[73.7682084996271,15.35197270026288]]],[[[73.78082479993802,15.354925300128922],[73.78233540032562,15.349123599637561],[73.7688147002745,15.351987099790758],[73.78082479993802,15.354925300128922]]],[[[73.76155220002126,15.351787899759907],[73.76502159995395,15.352061800296763],[73.76730409962602,15.35147250028128],[73.76155220002126,15.351787899759907]]],[[[73.76891390000362,15.353490100258206],[73.76908800045915,15.353459600031293],[73.76890019957601,15.353372600300666],[73.76891390000362,15.353490100258206]]],[[[73.77620239996729,15.354721099785968],[73.77637130024381,15.354656499808822],[73.77629120045604,15.354590800117448],[73.77620239996729,15.354721099785968]]],[[[73.77447090026206,15.354942800333774],[73.77467320017931,15.354910000458183],[73.77446169968789,15.354872000096764],[73.77447090026206,15.354942800333774]]],[[[73.79431229975607,15.37808229960057],[73.79681889958643,15.373160399762247],[73.79383089960326,15.374604599748602],[73.79431229975607,15.37808229960057]]],[[[73.77430060028334,15.399649600467555],[73.77373800031594,15.40037460007709],[73.77441659987902,15.40012519985894],[73.77430060028334,15.399649600467555]]],[[[73.67094110041343,15.728811299680947],[73.6712487997584,15.728925100404838],[73.67102030015236,15.728685199981884],[73.67094110041343,15.728811299680947]]],[[[73.64843519952616,15.730891300178572],[73.64848070003181,15.73133100032084],[73.64866140011877,15.73123700000974],[73.64843519952616,15.730891300178572]]],[[[73.65000500037368,15.746634999975566],[73.64997999993956,15.745620000237079],[73.64902000007297,15.746135000318173],[73.65000500037368,15.746634999975566]]],[[[73.65253859965146,15.746447899599946],[73.65332760039524,15.746073300397798],[73.65230340031897,15.746004499886718],[73.65253859965146,15.746447899599946]]],[[[73.64306960029243,15.747353099808958],[73.64261590015859,15.747171800324908],[73.64278050001225,15.747464000013766],[73.64306960029243,15.747353099808958]]],[[[73.65364999959124,15.748044999692869],[73.65326500030919,15.748620000256437],[73.65327999958855,15.74869999979557],[73.65381000016265,15.748495000101167],[73.65364999959124,15.748044999692869]]],[[[73.57867000017194,15.909896499722237],[73.57883599960569,15.910145499837345],[73.57909329981989,15.909913100332734],[73.57867000017194,15.909896499722237]]],[[[73.4724649996473,15.914390000188884],[73.47306299966235,15.914412999730127],[73.47246499951717,15.914045000338016],[73.4724649996473,15.914390000188884]]],[[[73.47926269106844,15.970848702949683],[73.4790119690158,15.970523471553511],[73.4789934735053,15.970758139885357],[73.47926269106844,15.970848702949683]]],[[[73.4796088152183,15.971320296736254],[73.47998220649487,15.971335857707253],[73.47956164105484,15.970849459631541],[73.4796088152183,15.971320296736254]]],[[[73.47906999962827,15.972005400334863],[73.47965100014264,15.972295900096547],[73.47958459958446,15.971482499871653],[73.47906999962827,15.972005400334863]]],[[[73.47543199975716,15.991417000185862],[73.4760530001557,15.991071999603703],[73.47543199960155,15.99107200025156],[73.47543199975716,15.991417000185862]]],[[[78.20520156338209,8.841472031143553],[78.2192111008716,8.834610596226316],[78.2161470576923,8.831918689752552],[78.20520156338209,8.841472031143553]]],[[[78.22709022843398,8.87118939827661],[78.22592179850429,8.8663473082406],[78.22193651187949,8.872599799598008],[78.22709022843398,8.87118939827661]]],[[[78.27130612592312,8.939611003239747],[78.2702285905837,8.943166863169676],[78.27362332635006,8.94447756190502],[78.27130612592312,8.939611003239747]]],[[[78.25226111979637,8.95197672421669],[78.25318267050679,8.95631522580533],[78.25529815871289,8.954111271087326],[78.25226111979637,8.95197672421669]]],[[[78.49207460215106,9.086366132439652],[78.49011662183183,9.093486938008168],[78.49566439391621,9.08972391887368],[78.49207460215106,9.086366132439652]]],[[[78.53548229887835,9.103300969781989],[78.53939973219812,9.105843648595457],[78.5350734813922,9.102244729532753],[78.53548229887835,9.103300969781989]]],[[[78.57941468300575,9.112870100414597],[78.58054375878098,9.101358639572487],[78.57071081537839,9.101552954189877],[78.57941468300575,9.112870100414597]]],[[[79.49187781216926,9.12402692647023],[79.49694500836064,9.12359577149523],[79.48889671608576,9.118942061856675],[79.49187781216926,9.12402692647023]]],[[[79.48857620761657,9.126604769033367],[79.48829916394645,9.128227788332143],[79.48895871873174,9.12800158957548],[79.48857620761657,9.126604769033367]]],[[[79.4816307760354,9.128686455757098],[79.47973416047972,9.129699582225618],[79.48149941768824,9.130549027414949],[79.4816307760354,9.128686455757098]]],[[[79.4828102309491,9.133161603816617],[79.48333821110296,9.13423733815775],[79.48228218860658,9.131837213122546],[79.4828102309491,9.133161603816617]]],[[[79.47369471668682,9.13500860399692],[79.46980662562042,9.139403791410455],[79.47361382468068,9.13839918855945],[79.47369471668682,9.13500860399692]]],[[[79.46507207801746,9.143152758925067],[79.46809652900816,9.14085994956323],[79.46778708661452,9.140394388767248],[79.46507207801746,9.143152758925067]]],[[[79.45470533893366,9.145320587426314],[79.45397256452326,9.143670694428511],[79.45378186754462,9.145497072876292],[79.45470533893366,9.145320587426314]]],[[[79.45507869872507,9.146825938739438],[79.45622970513199,9.147386254734359],[79.45643426443034,9.146703583476816],[79.45507869872507,9.146825938739438]]],[[[79.45266298328482,9.146424088403664],[79.45235438205641,9.149778515397745],[79.45451474054524,9.147400208017485],[79.45266298328482,9.146424088403664]]],[[[79.44511297933074,9.153658776818089],[79.44562661654564,9.151606258812755],[79.44470300873279,9.151032363756288],[79.44511297933074,9.153658776818089]]],[[[78.69374767930803,9.151747649828673],[78.6970184560778,9.153263225756971],[78.69507542303808,9.150506063240345],[78.69374767930803,9.151747649828673]]],[[[78.75377136811767,9.153043205001834],[78.75372169583842,9.154137884779118],[78.7550545283458,9.154075426578782],[78.75377136811767,9.153043205001834]]],[[[78.73119312374564,9.152275043265167],[78.72837178361443,9.15392499841143],[78.73180397688056,9.155640758860581],[78.73119312374564,9.152275043265167]]],[[[79.44764672825293,9.152785770701202],[79.4435032262461,9.156927594110766],[79.44581899098017,9.157930771772627],[79.44764672825293,9.152785770701202]]],[[[78.752526093033,9.155607518137755],[78.75088772126601,9.156479211019217],[78.75191462089505,9.15702689333563],[78.752526093033,9.155607518137755]]],[[[78.69841643932149,9.15875290809502],[78.69829465913247,9.157937503633448],[78.6979497868525,9.15823211409768],[78.69841643932149,9.15875290809502]]],[[[78.81951924597277,9.165193378436484],[78.81866212123502,9.160715111334477],[78.81692339905123,9.160365272695353],[78.81951924597277,9.165193378436484]]],[[[78.82902045426964,9.170431487095723],[78.82395098244648,9.166524000870075],[78.82853914929666,9.173683445510095],[78.82902045426964,9.170431487095723]]],[[[78.96938301429377,9.183933947234198],[78.96983659067696,9.182165362565376],[78.96923440156094,9.182277804895564],[78.96938301429377,9.183933947234198]]],[[[78.94338406125686,9.18769746874723],[78.93068378771966,9.18152564912189],[78.92353872020927,9.183318054688648],[78.89726449289586,9.179674299557197],[78.94338406125686,9.18769746874723]]],[[[78.70189781897209,9.185822480230525],[78.70393251696689,9.184784271650676],[78.70424920971705,9.184079009046616],[78.70189781897209,9.185822480230525]]],[[[78.9706951508218,9.185947399803187],[78.97018148291079,9.184446312252959],[78.96892879343734,9.186153860185918],[78.96861539278187,9.186129852073138],[78.96809039999171,9.185738349656166],[78.967188153279,9.183130589566883],[78.96719426485055,9.187714950839021],[78.9706951508218,9.185947399803187]]],[[[78.91008636472222,9.186535669639799],[78.91048050877349,9.186002782334569],[78.91013209898468,9.185988392633432],[78.91008636472222,9.186535669639799]]],[[[79.06961549688253,9.210672720795595],[79.08745969681272,9.191956896403925],[79.05676835857405,9.198019958982865],[79.06961549688253,9.210672720795595]]],[[[79.14056427396423,9.213064515635523],[79.13899092215186,9.213788670714289],[79.14153391739579,9.21425382885699],[79.14056427396423,9.213064515635523]]],[[[79.12270030504327,9.214674458796908],[79.12403468132307,9.2145983470838],[79.12397552135727,9.214294993896841],[79.12270030504327,9.214674458796908]]],[[[79.13411272476088,9.215982818242935],[79.12912475777249,9.2145850450846],[79.13298577413023,9.216164565880229],[79.13411272476088,9.215982818242935]]],[[[79.12211439501935,9.21691996183647],[79.12361826369788,9.217543942363069],[79.12293337472816,9.21605927761672],[79.12211439501935,9.21691996183647]]],[[[79.1810641562239,9.249930042355444],[79.22364618274702,9.2471506550056],[79.17931051633103,9.23819873913427],[79.1810641562239,9.249930042355444]]],[[[79.23538964367141,9.243652936247983],[79.23566161623032,9.240235122954232],[79.23274583982023,9.243454758405555],[79.23538964367141,9.243652936247983]]],[[[74.67510660044594,13.193355300055012],[74.67563140021994,13.193725599978402],[74.67532619963549,13.193055499755756],[74.67510660044594,13.193355300055012]]],[[[74.67515870012943,13.19466719975758],[74.67550700019964,13.195023999928717],[74.6753271004441,13.194479499973088],[74.67515870012943,13.19466719975758]]],[[[74.6723980001197,13.196029000455733],[74.67292499981708,13.19640299977353],[74.67280600024387,13.195943999972531],[74.6723980001197,13.196029000455733]]],[[[74.6742526996472,13.196954199757304],[74.67396260003575,13.197290999796826],[74.67412619972102,13.19737459990368],[74.6742526996472,13.196954199757304]]],[[[74.67136440023083,13.197612200265171],[74.67163029993218,13.197914900288003],[74.67182820024708,13.197684300359445],[74.67136440023083,13.197612200265171]]],[[[74.67034710019595,13.198743799571293],[74.67094569982724,13.199747900006914],[74.67170369956968,13.199250399598599],[74.67034710019595,13.198743799571293]]],[[[74.72055769982852,13.242645199951252],[74.72114609967565,13.242968299578532],[74.72099609991507,13.242358800007633],[74.72055769982852,13.242645199951252]]],[[[74.72092799984728,13.272593400043393],[74.72125939954047,13.272749400399254],[74.72126289978029,13.272524500222437],[74.72092799984728,13.272593400043393]]],[[[74.70029074581475,13.279817494247915],[74.6991517444759,13.280752492636946],[74.70001874460037,13.281007493883786],[74.70029074581475,13.279817494247915]]],[[[74.70018430181143,13.281445489919859],[74.70033729991266,13.283621490039058],[74.70030330162591,13.281394489483167],[74.70018430181143,13.281445489919859]]],[[[74.69035060045312,13.3327181999052],[74.69186610010921,13.330954000354149],[74.69064889966315,13.330789500096698],[74.69035060045312,13.3327181999052]]],[[[74.6903692843826,13.333244984940213],[74.69053713083055,13.332974140789098],[74.69028536075619,13.332920735401258],[74.6903692843826,13.333244984940213]]],[[[74.6891225002962,13.339606899722522],[74.68683109991316,13.337135700008396],[74.68792470000582,13.340920399876284],[74.6891225002962,13.339606899722522]]],[[[74.68231280012529,13.343609700059014],[74.68683619995166,13.342229999826088],[74.6858854002862,13.341224799889169],[74.68231280012529,13.343609700059014]]],[[[74.68109689982063,13.34464550026853],[74.68179659993827,13.344289899685805],[74.68178269977173,13.343757899634262],[74.68109689982063,13.34464550026853]]],[[[74.68216470003068,13.344750299763959],[74.68198819987276,13.345012600320025],[74.68222130021255,13.344968900429127],[74.68216470003068,13.344750299763959]]],[[[74.68181420045667,13.347245499866386],[74.68122229974011,13.347542699782043],[74.6812688996853,13.34770479979685],[74.68181420045667,13.347245499866386]]],[[[74.68162799976972,13.348194199949827],[74.682394100212,13.348281999986842],[74.68318279959486,13.346698999606126],[74.68162799976972,13.348194199949827]]],[[[74.68271699970038,13.360316999921846],[74.68273400046543,13.36007899969392],[74.6826490003588,13.360231999958472],[74.68271699970038,13.360316999921846]]],[[[74.68259483386463,13.360647117681735],[74.68249283422813,13.360409117327784],[74.68245883354192,13.360664116984518],[74.68259483386463,13.360647117681735]]],[[[74.68176939956206,13.36098530023192],[74.68151589965784,13.361152300071275],[74.68160119984218,13.361223799897918],[74.68176939956206,13.36098530023192]]],[[[74.67477639998596,13.375839100057549],[74.67528070026124,13.37522209965235],[74.67463940000935,13.375687599779862],[74.67477639998596,13.375839100057549]]],[[[74.6743487004154,13.37727720026185],[74.67418299991593,13.37606590003239],[74.67381870011943,13.3766041997678],[74.6743487004154,13.37727720026185]]],[[[74.67345199980271,13.377147000180686],[74.673876999629,13.377011000373106],[74.67386000026013,13.376875000052298],[74.67345199980271,13.377147000180686]]],[[[74.6749650001064,13.377503999999542],[74.67484599998858,13.377249000374654],[74.6747269999389,13.377487000411696],[74.6749650001064,13.377503999999542]]],[[[74.67127129966963,13.382241399850594],[74.67435400045325,13.379071099694466],[74.67395389978287,13.377039999609433],[74.67127129966963,13.382241399850594]]],[[[74.68495165998836,13.382621571258705],[74.68326360051206,13.380456917344308],[74.68196032178588,13.384219006830637],[74.68495165998836,13.382621571258705]]],[[[74.66455440030711,13.452598299700723],[74.66561840035452,13.4530785001034],[74.66547840024131,13.452130699690413],[74.66455440030711,13.452598299700723]]],[[[74.65124549134961,13.655398618225615],[74.65131415575054,13.655165921460684],[74.65116156828252,13.655280362619914],[74.65124549134961,13.655398618225615]]],[[[74.65118753886952,13.65616176493819],[74.65142404932352,13.65584133037163],[74.65124475935214,13.655803183136463],[74.65118753886952,13.65616176493819]]],[[[74.65244099973606,13.656994299555246],[74.65194299973165,13.657583600122729],[74.6522168999299,13.657708100147568],[74.65244099973606,13.656994299555246]]],[[[74.65255719961525,13.65778279999206],[74.65229160022652,13.65858790031553],[74.65220860046553,13.65938469991171],[74.65255719961525,13.65778279999206]]],[[[74.63795750040593,13.677354200172635],[74.63839739978151,13.67782729970047],[74.63807370039365,13.677204799936282],[74.63795750040593,13.677354200172635]]],[[[74.64287940014674,13.680499900456397],[74.64240630012819,13.68025919997213],[74.64240629999405,13.680483299967879],[74.64287940014674,13.680499900456397]]],[[[74.64300389965949,13.681014499680478],[74.6433359000635,13.681280100131032],[74.64334420017003,13.68101449986639],[74.64300389965949,13.681014499680478]]],[[[74.63613150021015,13.684459000028868],[74.63657970008467,13.68515620011695],[74.63677890036794,13.684683100459974],[74.63613150021015,13.684459000028868]]],[[[74.62426600024408,13.685620800199343],[74.62452640017662,13.685162299904528],[74.62413010042579,13.685281200009404],[74.62426600024408,13.685620800199343]]],[[[74.62888280036108,13.77635749972472],[74.62882259973759,13.776658100403846],[74.62902090040411,13.776308799830595],[74.62888280036108,13.77635749972472]]],[[[74.61588839992454,13.827289299603848],[74.6155152004123,13.827162700295412],[74.61556030030391,13.827357200142082],[74.61588839992454,13.827289299603848]]],[[[74.6148390996088,13.828047099601333],[74.61470369994105,13.828241700353503],[74.61501009988956,13.828159399629525],[74.6148390996088,13.828047099601333]]],[[[74.61509949990148,13.82833219975515],[74.61544500002707,13.828115599572019],[74.61517940018807,13.828091900218467],[74.61509949990148,13.82833219975515]]],[[[74.53928870033488,13.887605400361798],[74.53905189975994,13.887769300183821],[74.5390787004019,13.88784320031012],[74.53928870033488,13.887605400361798]]],[[[74.5387771997977,13.88848509981951],[74.53858559961432,13.888806899970009],[74.53895369995443,13.88856390011708],[74.5387771997977,13.88848509981951]]],[[[74.58107819991855,13.889941700345165],[74.58138239985401,13.889735100101609],[74.5811389003308,13.88964309963271],[74.58107819991855,13.889941700345165]]],[[[82.31959599574155,16.567130188834973],[82.31815781369762,16.567287154533698],[82.3193386794165,16.567711238390118],[82.31959599574155,16.567130188834973]]],[[[82.31948684677435,16.573105477315266],[82.31507909048764,16.57160116046367],[82.31909736210561,16.57562337363335],[82.31948684677435,16.573105477315266]]],[[[82.34412220971561,16.607128935321878],[82.33591551416227,16.589507637239734],[82.329672607353,16.59398476196975],[82.34412220971561,16.607128935321878]]],[[[82.33518539504566,16.602837617270346],[82.33673355451045,16.605415650937633],[82.33094464193928,16.61796603772678],[82.33822179597912,16.605574631843247],[82.33518539504566,16.602837617270346]]],[[[83.00930670031201,17.484235100065195],[83.00975590017119,17.48303270012067],[83.00896180007553,17.483601800183976],[83.00930670031201,17.484235100065195]]],[[[83.11020820040153,17.54287959977865],[83.10931899977757,17.54272659981576],[83.10959580003885,17.543285699896234],[83.11020820040153,17.54287959977865]]],[[[83.11066159969292,17.54368589985679],[83.1108558998707,17.54409790007575],[83.11091480039913,17.54382130023449],[83.11066159969292,17.54368589985679]]],[[[83.23999880044529,17.619839999952525],[83.2405388003607,17.619772500379387],[83.24016149999152,17.619609600150863],[83.23999880044529,17.619839999952525]]],[[[84.55646540031614,18.80629319974305],[84.55740559956514,18.805546099747623],[84.5566582995266,18.805497899765772],[84.55646540031614,18.80629319974305]]],[[[84.5770629001289,18.835958500380706],[84.57650839954152,18.836247700077692],[84.57687010020464,18.836344099690145],[84.5770629001289,18.835958500380706]]],[[[84.57670129986441,18.837886400251996],[84.57744860011846,18.837115299940336],[84.57660489958961,18.83725989987239],[84.57670129986441,18.837886400251996]]],[[[86.7801645393678,20.360549802048673],[86.78379362544773,20.361639498541816],[86.78006295189157,20.35812903790831],[86.7801645393678,20.360549802048673]]],[[[86.8055390492936,20.39576773407579],[86.79838191024292,20.36478856401597],[86.79676267578847,20.40039105560293],[86.8055390492936,20.39576773407579]]],[[[86.7902944717595,20.382280282335316],[86.79271918883218,20.38298755578253],[86.79171522446555,20.381517697939085],[86.7902944717595,20.382280282335316]]],[[[86.78729815454282,20.388349373315908],[86.80004891569739,20.443119607505505],[86.79322492156619,20.493242092256114],[86.80824398135775,20.453118517703853],[86.78729815454282,20.388349373315908]]],[[[87.01109305738449,20.71137430251217],[87.00667398169628,20.71217367006443],[87.01317850621271,20.717172524546836],[87.01109305738449,20.71137430251217]]],[[[87.00378353908917,20.71512995926127],[87.00620217403271,20.715050102240802],[87.0017314402119,20.711523292544975],[87.00378353908917,20.71512995926127]]],[[[87.05616399137641,20.72974261466322],[87.05595381369002,20.73281038089694],[87.05790301849734,20.731219412227954],[87.05616399137641,20.72974261466322]]],[[[87.0520603654928,20.736819036132914],[87.05104274465793,20.738409663516236],[87.05312664033453,20.73708978751853],[87.0520603654928,20.736819036132914]]],[[[87.070963236728,20.736342407916215],[87.07103539507656,20.74688729251598],[87.07226114012435,20.74898763034066],[87.070963236728,20.736342407916215]]],[[[87.05964645422978,20.743860071083212],[87.04999256956465,20.74330743982438],[87.04937804283698,20.74403049082482],[87.05658764546715,20.745469497876048],[87.0588495948264,20.744922065767557],[87.05964645422978,20.743860071083212]]],[[[86.97882400130207,20.780351555589032],[86.98294117330754,20.779010185024177],[86.97923754883611,20.777396872485006],[86.97882400130207,20.780351555589032]]],[[[86.98979967527636,20.801916659945576],[86.98776713249664,20.803963148703073],[86.99012635943906,20.80243172315262],[86.98979967527636,20.801916659945576]]],[[[74.70574222059128,37.08781679596833],[74.74942400549027,37.01938689441235],[74.769054813293,37.041221919521185],[74.83582846961048,37.03799361455846],[74.83478585084926,37.00526426923562],[74.91557906681324,36.92025947443956],[75.01567141310831,36.99072294948751],[75.10915168266693,36.96189897864887],[75.2109562495656,37.05001680543298],[75.34131369736147,37.06076315503096],[75.35442738877961,36.988482856663715],[75.4184478726948,36.972395898735066],[75.4069208416304,36.90803344751484],[75.44981846801076,36.888929102185585],[75.46326656331844,36.83031329438917],[75.61272425552023,36.77527024657635],[75.74442368631186,36.607697649871604],[75.8070215397644,36.56342369040052],[76.07115386304494,36.484242323070845],[76.16395310401363,36.40645164510091],[76.26650195845232,36.35884296342589],[76.35392723348228,36.36944723487807],[76.43749990926166,36.31035342354019],[76.43678302976892,36.25782946787869],[76.48098103284535,36.21973462172431],[76.59409381825067,36.17832092520254],[76.65592379861026,36.19218419121971],[76.71111692784878,36.14012669836729],[76.72009158232953,36.09769526800676],[76.81368762214149,36.040628777781265],[76.7321364481425,35.95463610086389],[76.7829946850251,35.905200339049316],[76.8074801427322,35.84974556642569],[77.00100395085256,35.77556010476613],[77.11565988152363,35.79810513035284],[77.17635571773279,35.76813460389191],[77.1796796851237,35.730218488121345],[77.21301340371501,35.73325194867624],[77.2583448555342,35.704320183904336],[77.28743720385607,35.72259053616722],[77.32106790992937,35.70104809943719],[77.33554901345919,35.719753891196284],[77.36586677366749,35.7151871888495],[77.41155654082546,35.65625662236638],[77.43793594670831,35.656143670474414],[77.44012627078428,35.602134106757475],[77.47188083054746,35.58427018988375],[77.46522216970726,35.550047420674396],[77.48276395456142,35.529620723936134],[77.43052180172994,35.51367047935135],[77.3886583934601,35.53943739806071],[77.33204428357898,35.530346073360015],[77.38523907287187,35.47386032711133],[77.443663675066,35.45945584246845],[77.49613500821066,35.47777672690863],[77.62862370063739,35.46503854729373],[77.65309523187697,35.481180089622875],[77.68515861321984,35.46682393549716],[77.72877176653125,35.477334481886516],[77.73586585791692,35.5210982648362],[77.78631851474873,35.487980226014976],[77.82924083215508,35.5050955113339],[77.91207715534868,35.46109003464737],[77.92931592630772,35.490307500120984],[77.98525189910846,35.44830296336837],[77.93926583546329,35.506909042336744],[77.96793558629085,35.571765879687874],[77.9578084560947,35.60486753160105],[78.05556140089793,35.58178741029458],[78.0843516987731,35.55201862644002],[78.13676575056144,35.536568396856545],[78.16491206701309,35.551736129859435],[78.16982508598278,35.624998211375],[78.19743751896743,35.62283850864351],[78.21204885930617,35.66599957635748],[78.26561150631585,35.647419330308324],[78.28450706408206,35.66449021830407],[78.27695029295126,35.71837413963103],[78.40386366145309,35.735849330071034],[78.44267157831341,35.78364277086837],[78.53416402004916,35.762512781396424],[78.64643064161206,35.821067133887624],[78.67331106271781,35.85420353692476],[78.78622026967768,35.86887834233578],[78.83907085574955,35.8561160852415],[78.96920489747421,35.890168998473186],[79.03224771557693,35.84771722167681],[79.16467252908289,35.83818619934387],[79.21275983387461,35.87786556934347],[79.20449494995927,35.92770244577786],[79.23089883918777,35.9721641863176],[79.35803111216836,35.99173278685317],[79.41035345555176,35.985977349983166],[79.44019981293208,35.89408335785389],[79.53622797068893,35.879638631284266],[79.75109058971526,35.79691898983374],[79.8989594817988,35.77510864093628],[79.96769554738373,35.825181181355475],[80.01569235268929,35.82616357856605],[80.12889651619594,35.65673282800038],[80.21308208520459,35.63865726659024],[80.3117119721394,35.587956126272296],[80.34508361147005,35.461172181670065],[80.29848467263419,35.41698831701614],[80.297475549336,35.35286837764616],[80.24265702387109,35.20801550973245],[80.18503256934859,35.13062827777867],[80.18689509400906,35.00799859376606],[80.12723516230297,34.87254927333095],[80.07499516334303,34.80541788310841],[80.06531123639259,34.6928577457792],[79.94466249615762,34.66090085898293],[79.87825965397698,34.67485900528168],[79.77660426282955,34.610383780962124],[79.7943756532912,34.58054060419385],[79.76977587542392,34.5377778075013],[79.82104480432605,34.51445548009951],[79.81610383549831,34.483093383616406],[79.79143873084915,34.466753603305925],[79.5983927545618,34.486758983573715],[79.52215475550535,34.46362185065819],[79.53162878906619,34.40875415916932],[79.568936974975,34.400589779815455],[79.59213872620728,34.235820116695336],[79.54005834405311,34.19130732209022],[79.51314184673335,34.20093783565822],[79.49368608402796,34.18468074635767],[79.49595424144735,34.124448995763295],[79.4211131207025,34.075939795823196],[79.41452918077961,34.04171328039399],[79.43744996917572,34.012647657276936],[79.41550566006605,33.999005971455496],[79.37366769663076,34.02675412527795],[79.28294375557034,34.027606742964906],[79.17292876664253,34.05829151121152],[79.14800750876714,34.05506943487258],[79.13823049531196,34.017515962188064],[79.11265090497781,34.00894457181399],[79.0011489413555,34.03360822483652],[78.9532093256544,34.01313125013682],[78.91831709829638,33.963921795831446],[79.0131859264613,33.7829356257823],[79.06045450203011,33.77583472685509],[79.01610614175894,33.70226392408028],[79.04631867830881,33.67383453867122],[79.07799577200421,33.686081917301124],[79.1001506140405,33.61632402773249],[78.90286043522407,33.62201120145986],[78.90625981387397,33.57370954615543],[78.94377379075841,33.52606909118818],[78.9270779724671,33.45428801451368],[78.97842196780265,33.336409652172065],[79.10769133123047,33.28911202688021],[79.22368286816459,33.29628463294264],[79.44611257180766,33.257734694979824],[79.4430446111725,33.200360784907645],[79.37321698760148,33.10637983855979],[79.38032263276042,33.02766984108649],[79.32490312238659,33.01224153676765],[79.36895323911722,32.966239081269066],[79.39760399007747,32.96184920575558],[79.53836340928133,32.78605230517707],[79.59440544704721,32.75947512968113],[79.60962296690494,32.72322819625509],[79.42929013029953,32.5235308211204],[79.38453337000831,32.52279768159947],[79.37299037205185,32.56048243667833],[79.30525553639549,32.58582329014049],[79.25975137682455,32.522654213375795],[79.18208627272834,32.473757321924765],[79.12504496894444,32.46502265410724],[79.13516531665724,32.432298560681296],[79.09367983195565,32.37713438011157],[79.00354542119736,32.37488102116413],[78.97118501662311,32.33569358777011],[78.80670178532401,32.444248133981965],[78.75915778442328,32.56778926108718],[78.7823634003845,32.59581052831272],[78.74333982023319,32.654977708317304],[78.75069655205874,32.692763033099226],[78.70871136072573,32.6561337410867],[78.64836957967607,32.64385770741251],[78.60525920715041,32.59109024508645],[78.5655138027286,32.614845958313616],[78.45128282411055,32.57759855285173],[78.40726791429164,32.526100317451196],[78.46124808708433,32.50379702177626],[78.46087946628306,32.461837850614174],[78.49576495534357,32.422020408031656],[78.53350546167249,32.41546018239738],[78.48478779165251,32.349136264998826],[78.48341139415848,32.281386156901334],[78.46083985072084,32.24170848540192],[78.58795243826539,32.236100879054476],[78.61469130088697,32.208805274320135],[78.59623236985594,32.15776958026736],[78.61766581133709,32.11522499724749],[78.65660321486627,32.11148386901462],[78.7189052243636,32.035724001871856],[78.78855243595785,31.9932315515373],[78.70985362961429,31.786615139415087],[78.74119036727016,31.757609190604786],[78.72839171104535,31.74174343710115],[78.75401918070877,31.68564765982118],[78.7982194545857,31.681814889622473],[78.80699232963455,31.64710918310324],[78.85334150709463,31.607426412443314],[78.72838662321911,31.514767480927432],[78.73623940927854,31.480572218415343],[78.76663397297953,31.48642209109845],[78.81277826649423,31.449737425878574],[78.81658575045871,31.419281380537548],[78.79200595308373,31.395544158314305],[78.85876762230687,31.366373921335992],[78.85464742367856,31.3234577177048],[78.89879370856484,31.262722068664534],[78.93269269835834,31.25294160538216],[78.94759144478887,31.319515146320065],[79.01083236182367,31.357082979934653],[79.06173762064756,31.46134748329882],[79.12742310647748,31.434858729188385],[79.24647535399815,31.33003947173106],[79.23921284880208,31.314206729596968],[79.27185560312218,31.28318572597299],[79.2518658476771,31.243017480669423],[79.29262284951493,31.221218236697986],[79.31748135791956,31.136720734302443],[79.39880309729328,31.10778647410358],[79.42456785439263,31.07107448432211],[79.42476036854084,31.03049198621694],[79.51903486928126,31.026705986154816],[79.55254720162532,30.9600676651268],[79.60345524426252,30.932654533948902],[79.66498822141143,30.982921535106023],[79.7171110960765,30.975996618197374],[79.753007531924,31.00786502777394],[79.81636702565312,30.97393458103727],[79.8627145480691,30.9753570824682],[79.92909648297447,30.882433359571074],[79.96215289739087,30.8900200331917],[80.05601755137941,30.84150623678665],[80.110908484916,30.77929511127673],[80.17777080733697,30.804054575658686],[80.21490913993526,30.74906157165191],[80.23966351910539,30.7620588586786],[80.2364221414411,30.690383765679755],[80.19971188930975,30.683047101302144],[80.19715833833263,30.6620922402516],[80.22116854458638,30.641815642394093],[80.22683022187981,30.578944968572298],[80.25776006998986,30.558835943861464],[80.28306715758188,30.57219338992645],[80.38559198207717,30.515049869168372],[80.41557934702699,30.52533452272552],[80.53907844162086,30.449196884864616],[80.59800884154507,30.478766267700138],[80.75196889019604,30.393503887548103],[80.82157082373175,30.31555756520211],[81.03320801831158,30.246389546460218],[81.04327618778787,30.20455868438733],[80.96004733549181,30.17899238442866],[80.91828113879103,30.1898344286897],[80.91971866840905,30.214195647653032],[80.90273266705701,30.215380752427567],[80.86776400369092,30.1738658117404],[80.87477166360854,30.126485645212416],[80.76103175383797,30.049516989228305],[80.74677142932994,30.00578035177668],[80.67454792638358,29.957214675876727],[80.60184825192465,29.958126873442534],[80.55312165812701,29.851335842345055],[80.49385650496936,29.795804935437655],[80.4350278614002,29.80597352541365],[80.4069474609262,29.794740769889632],[80.39737336515968,29.758908218571122],[80.36586612700214,29.74841529875921],[80.38416981782576,29.67509042928172],[80.42025791187869,29.63833330392955],[80.40793903305078,29.59597186276528],[80.37848556469449,29.561053285578705],[80.34247042132417,29.55277349212311],[80.34966954308949,29.519208459635895],[80.2869353117981,29.476976731357524],[80.3017842765306,29.452776115408707],[80.24224020799763,29.442875812306944],[80.24215147554105,29.41137606808518],[80.27511661572748,29.393009368638022],[80.28005758543556,29.347023470596717],[80.31688103378542,29.315249090911724],[80.29737552632241,29.204926396980834],[80.28595003646903,29.195846114695385],[80.24879729416516,29.221228483002843],[80.2405377627548,29.202542969189963],[80.27205233100042,29.141296262134656],[80.2330435663196,29.11848750415485],[80.1831903601782,29.13718471883438],[80.14286790423245,29.099523082879784],[80.13541855309555,29.007396071831593],[80.11792428264246,28.981547500115038],[80.10054704906713,28.986903835625366],[80.05846925094444,28.91662610044723],[80.07481909319127,28.82448682114135],[80.1180516223278,28.82897980878087],[80.21598577659896,28.755568213156437],[80.25658072402808,28.754251766818783],[80.25651912289032,28.72924844814236],[80.31712168819959,28.700142962449227],[80.36099535912437,28.635262687239827],[80.45084485396642,28.629539628723872],[80.46867720330933,28.583530216418858],[80.5176237860362,28.551960232200013],[80.53059534214542,28.5726208369947],[80.50337842658138,28.665142932685473],[80.53952968033015,28.690756411744314],[80.56865746310439,28.688132554683346],[80.59051998920725,28.680036686383286],[80.58944836695821,28.64803716733994],[80.66762539846827,28.642189333481603],[80.69044598896438,28.587595895131347],[80.7145326748802,28.568404828796833],[80.76860067118457,28.565907169673068],[80.78919453355925,28.52451871936458],[80.86594896566271,28.489583858129237],[80.86152161840135,28.504393573875696],[80.89609396698526,28.507019421944804],[80.91541461107474,28.457637151317247],[80.9425680083223,28.46888969919278],[80.93202126538675,28.458890655403554],[80.95172675215137,28.447640152384018],[80.98016738569511,28.455241628352635],[80.9646434613492,28.44483768316133],[80.97883414440376,28.43415188226969],[81.01675713764794,28.451288842901555],[81.03383359321859,28.39889835702492],[81.0356733690091,28.413577411676066],[81.07973896619029,28.385059652078755],[81.21059687760692,28.360833495936912],[81.23448227993235,28.324738624341734],[81.23263861656226,28.289148133655186],[81.32094381780092,28.197554311144124],[81.3213471995664,28.168885656216766],[81.30200419006589,28.164762662250354],[81.32805946350332,28.14808165520067],[81.31803071345358,28.13367164632932],[81.37107632428416,28.14349157791672],[81.37351487648401,28.177300702169834],[81.44668362943605,28.161015665618585],[81.48400523282066,28.11856596715925],[81.478276328548,28.082713169546604],[81.62398513676233,28.001601001013917],[81.69844070533496,27.988191085257224],[81.8849584918323,27.856950582216147],[81.92584984415961,27.859831336711796],[81.96832425065615,27.929120762994103],[82.06996083774078,27.923645819395624],[82.12138236443037,27.865846270901542],[82.20830675107344,27.84357880328645],[82.4486703122036,27.679315057073065],[82.7076528448363,27.722916407878117],[82.71150068678845,27.665290109023466],[82.75576695321419,27.587799188287963],[82.73554694044985,27.50235207381607],[82.9292879938328,27.501189849501518],[82.95409237740448,27.467732553344607],[83.03457411764566,27.44872299122185],[83.18794799528999,27.454315519390956],[83.27215158228876,27.383348648681967],[83.27242714732597,27.352628147103648],[83.3175875176092,27.330163641768625],[83.35923388073289,27.34326157872854],[83.40934186039904,27.412806052186795],[83.38391045380442,27.43627661722848],[83.40173927931377,27.457539066028477],[83.38817515478175,27.47975521128191],[83.61425345090417,27.469443319183387],[83.8637894391331,27.34700792880771],[83.88316535496733,27.376560388436296],[83.83311248167085,27.425082514428127],[83.84829349336543,27.44635604689328],[84.0269271447456,27.433540755261838],[84.0948378560224,27.48901914261985],[84.09769672753654,27.51709274791906],[84.14585675180017,27.518657655552992],[84.14912963129503,27.485908328950583],[84.205424970285,27.470427081946987],[84.20892742631092,27.442600146299696],[84.25426095605842,27.45404975220822],[84.29238247421709,27.384811550793444],[84.62189321936538,27.336927334565214],[84.69114438087007,27.2148219712066],[84.67449035242667,27.095905735602166],[84.64615993451874,27.075647087406544],[84.64339421079374,27.046144471207636],[84.75674021827157,27.002845995319067],[84.77342089235948,27.017736119662196],[84.79356053279633,26.995838222961947],[84.82540156344695,27.020913246896022],[84.89157572619945,26.969675146739263],[84.96257975998967,26.960526502695927],[84.97850816603717,26.94008603021261],[84.9680638385242,26.916144636941258],[85.06119730736587,26.886585247537056],[85.02397020486434,26.85437725390345],[85.19084225550294,26.869824437250237],[85.17673592874776,26.80962247060554],[85.21103156770221,26.758427872765232],[85.33451094275148,26.741667877436093],[85.40773796458696,26.791345862931255],[85.45191352072348,26.78137730030872],[85.49564320655519,26.797033183770964],[85.5755574581004,26.86099254530403],[85.58566484995481,26.847358772845507],[85.62390423937967,26.87378100293476],[85.7211305851416,26.820357631079727],[85.73224706553978,26.653862494727633],[85.81773942217673,26.602799665855876],[85.85125989889723,26.60867733699616],[85.85141928255717,26.568490011514363],[85.94817938092903,26.61396195480827],[85.9601220877473,26.65101083212185],[86.02758034153386,26.666787180258012],[86.13876408326745,26.628848759763255],[86.13633011212356,26.60633577158945],[86.19224048045945,26.61484125925712],[86.21767685060185,26.588479756290745],[86.2526875780539,26.617108084126542],[86.33289028587528,26.61913737410942],[86.49863400811235,26.542096239070712],[86.54154944278464,26.538722629230957],[86.57025070193014,26.496563180053908],[86.7313979900915,26.42261631369824],[86.76649648805831,26.459440822751464],[86.83376935323756,26.439098169881387],[86.89423019339637,26.46192695771567],[86.89167627345894,26.486188956056044],[86.92999453136159,26.489684066124504],[86.93215913075866,26.516954037688794],[87.01535972751553,26.532043804658603],[87.0446740398506,26.58723407626528],[87.07182249393837,26.585813894207266],[87.09165094385635,26.45029224760683],[87.16256152219991,26.403895255978345],[87.26105184680537,26.4092699157429],[87.26601523477706,26.373875004665386],[87.31253370418638,26.371568726580882],[87.34109251312596,26.34751915550797],[87.36889286571018,26.407937655422977],[87.46377165528587,26.43950923972548],[87.61040446388824,26.380777464145556],[87.651877374955,26.393424877396974],[87.67755794619687,26.4354560956256],[87.76475988038334,26.40988214220366],[87.78951460990098,26.46943127605388],[87.84882840620605,26.43646348449021],[87.88829370576023,26.486759761275916],[87.92694196073603,26.417801203738655],[87.99191961400194,26.392562878986467],[88.00657951978316,26.360996359490816],[88.03050431003268,26.364922205816544],[88.03449892762073,26.3919103953298],[88.09560287695436,26.439082424685186],[88.0980228542435,26.537868542063862],[88.1602994003243,26.636439053888136],[88.18716764652604,26.74867822134279],[88.17396633218794,26.865316832120275],[88.13635761456086,26.898520143149273],[88.14470390672918,26.922477956960673],[88.12013473954616,26.950707714213493],[88.1344040897635,26.98623990625709],[88.09214284201424,27.00469557601562],[88.07768601406428,27.0354221510964],[88.03784521633504,27.036322954407844],[88.02102123480866,27.08782910974265],[87.98683048026109,27.11903642151247],[88.01922224014568,27.17105101403456],[88.03204663585701,27.286390214707048],[88.06692781438163,27.335774756709124],[88.0415732802009,27.372931077075467],[88.07505689364115,27.433222685870952],[88.04408432240669,27.495810703796295],[88.19717192802415,27.791172327423048],[88.17358413880756,27.820296982873213],[88.20220453800579,27.83708528879024],[88.1963933262097,27.85378726924297],[88.139921005591,27.877498736121378],[88.11958089448743,27.9160045562315],[88.14521402937534,27.96408473347983],[88.20533936143177,27.941563285498454],[88.2079603500752,27.961659797131457],[88.23717377049259,27.97084793359007],[88.25108464801116,27.9423509995726],[88.35226590761806,27.989948470876026],[88.39906563464234,27.978036794326275],[88.49561890108525,28.05393137987426],[88.55080433383594,28.037571690906265],[88.55254617523035,28.081416116357097],[88.61934447790577,28.098076248683462],[88.6099610461252,28.12869131526871],[88.67206385417256,28.07234096432216],[88.7562864410044,28.0759731718586],[88.83627832747395,28.014814525906306],[88.83693675618589,27.928780435346724],[88.87001863446514,27.91560245959388],[88.88767375925985,27.85617988893227],[88.85583007011762,27.815332197624983],[88.86517176468689,27.74273602814959],[88.83798351651623,27.706287315034523],[88.84838624659979,27.66800791684101],[88.81526016771019,27.646092926637667],[88.7912947198463,27.575103178444767],[88.7637670953508,27.564849986015677],[88.79281532045468,27.52889858008102],[88.77699017006675,27.468455943490518],[88.8061956779568,27.406796973309117],[88.8376707322703,27.379156049077505],[88.86095047069254,27.3865374961208],[88.91926028861786,27.320618833170403],[88.90328924042404,27.27258612889272],[88.80309608291157,27.247836216063938],[88.7879581764024,27.184114703379766],[88.74605916297674,27.144259954474805],[88.87004663787063,27.109812170433045],[88.87713217225696,26.944359153119734],[88.92168375750934,26.99392723576622],[88.95247525798327,26.968406944856216],[88.9439238248253,26.934147348194106],[88.9803462152234,26.917185946179135],[89.02157248725149,26.940685890467268],[89.0488584800713,26.89911450763096],[89.09569882964358,26.891673151557605],[89.10069402025084,26.842526213529197],[89.1344834910622,26.80763888329199],[89.26239526180015,26.813777934070163],[89.31849532672771,26.8513199898795],[89.37898177000716,26.862178266802594],[89.3897707823289,26.84185405235458],[89.43947919361867,26.840335188403856],[89.46952633198612,26.802692963710633],[89.56016942459316,26.812860154747508],[89.6498689134193,26.7767385591813],[89.62377905069462,26.71844890776204],[89.65787419010593,26.718652948569414],[89.67175549726815,26.73980958638516],[89.72408387897285,26.72228838368651],[89.75280468200248,26.735313000616248],[89.77137167017248,26.70100426946398],[89.86308355712491,26.70056097890116],[89.86291655817095,26.737066879036085],[90.04956506631784,26.730368412782877],[90.19452293626887,26.77327133700098],[90.1876690450199,26.80681186417612],[90.22519922656181,26.85475657784571],[90.30029840216645,26.848220357782157],[90.347786300386,26.875294817648268],[90.35724286353583,26.900708810435308],[90.4174840922722,26.904529501798706],[90.54661291873605,26.816639782582428],[90.71727757192589,26.76826844932683],[91.0540604461577,26.780985434941375],[91.09756274504171,26.821992879396678],[91.23688719154319,26.812002621880612],[91.33724792627872,26.78086090678411],[91.37600584202414,26.795227688372666],[91.40764718663037,26.83960256126247],[91.49510696869677,26.79120586429579],[91.625524308486,26.820865834298996],[91.68979670188132,26.806451491669627],[91.82414674086228,26.864043453464504],[91.85911185373644,26.91333882988942],[91.89173635296262,26.919062682808455],[91.98350144825939,26.858191602950757],[92.05672471862874,26.84738503722482],[92.10265183451226,26.867168389052107],[92.12098332228577,26.960360209524936],[92.10354610258992,27.00397727177016],[92.07841545535831,27.01736137898432],[92.08174568539981,27.040815569148037],[92.04412406966473,27.051362379126914],[92.03051725461947,27.080957329480203],[92.02672187082993,27.168278959632964],[92.05837835824777,27.19030945405716],[92.07257126988473,27.233105977638495],[92.03774787086486,27.257443842363227],[92.07379244561643,27.27848136276052],[92.1199494376461,27.271796606922102],[92.12281559506916,27.287356104369366],[92.06458382131208,27.326979370671257],[92.04824120209919,27.36313242216755],[92.058469863036,27.399707469534547],[92.01630977808425,27.480772135347912],[91.95336998025955,27.460032310296377],[91.84860474575957,27.48645629021415],[91.76697175978435,27.464755438454457],[91.71462317942039,27.474539347869896],[91.69505915650764,27.505327665154425],[91.65245214446911,27.48304127206999],[91.61229278196107,27.543692505883513],[91.58215060587534,27.556764847980354],[91.56603236657699,27.58389767325473],[91.58437425243454,27.608222539207453],[91.56217777079137,27.631853371709937],[91.57307366311957,27.66069112546873],[91.62854768505359,27.6994269971864],[91.64506763291638,27.769448995006133],[91.61464458598574,27.821850009179013],[91.56666687155546,27.817936731203904],[91.55627037641291,27.85620612125312],[91.66317784145714,27.85295323669151],[91.70983112235253,27.807973329334462],[91.76130681976308,27.7999577169111],[91.82067566446764,27.81596100337304],[91.86218545554779,27.739689767664572],[91.92770463826865,27.722594230005107],[91.99352554422786,27.771182325283934],[92.05142792208207,27.76393293942796],[92.21866064280572,27.869514902493236],[92.27754015082853,27.869092549109148],[92.31277332029151,27.78848854829319],[92.38510007051627,27.80062971788038],[92.41629557808211,27.830554671250052],[92.4562696725143,27.814119836007972],[92.50335717683849,27.853950617305696],[92.5562108087484,27.82436423075204],[92.61531446413154,27.894538160142545],[92.65771088711625,27.901902981301987],[92.74243231900243,27.99258696554928],[92.7207091690195,28.030505160163752],[92.66653978352967,28.06375308361908],[92.68794854480325,28.127397964685525],[92.81476538357178,28.211043155019325],[92.83609885307904,28.179097132576388],[92.96270561451186,28.258557300964725],[92.99729842311378,28.229427663783806],[93.02826955155794,28.268694272623836],[93.02234264697574,28.3103858180415],[93.21795753008043,28.326081331412915],[93.22422235155346,28.4054988763633],[93.18045103919884,28.434875104547697],[93.27773551144104,28.5013091059343],[93.30162074988337,28.59895155835749],[93.3333633349958,28.639083854821934],[93.44597333167724,28.674722212668442],[93.47049553464629,28.65265349713735],[93.49614673850355,28.685966640863914],[93.52241007423177,28.65907128579864],[93.61944740957077,28.65338796719068],[93.73987674748028,28.684553166586028],[93.7841447779071,28.66336476980648],[93.85060106460007,28.707036013259323],[93.93562864647933,28.666105798205855],[93.97295441347627,28.743218110044527],[94.01030081340701,28.772785817015798],[93.98670429276754,28.803755464120478],[94.00724331316871,28.840699639834632],[94.16445814600672,28.957456726626848],[94.2241019033422,29.087829588294376],[94.29365496062131,29.14535274430817],[94.3624907689027,29.152604680933752],[94.37487728652631,29.184952785893064],[94.43812228974906,29.223193496266312],[94.55071098226378,29.220750761196964],[94.63097645589868,29.341236414801042],[94.74130213199757,29.274736897480583],[94.79300858572819,29.215298291900048],[94.80412874563518,29.162405321874378],[94.87866855780074,29.17502522065697],[95.02244648076964,29.13394267865286],[94.97528041235925,29.156543243757227],[94.99276775375726,29.170764015488707],[95.09505459661389,29.13959406313812],[95.10637501350072,29.118905374349655],[95.24172055575009,29.110615035160045],[95.24201768088963,29.06355079572254],[95.26007041048297,29.05407535287905],[95.28792169396321,29.062641776031153],[95.41065362346274,29.03051613643626],[95.46645443088947,29.066455899561696],[95.4809898334563,29.143074131273284],[95.53071713697084,29.130485188699534],[95.52693259966021,29.215656528540475],[95.5722022698557,29.222806301268562],[95.58302965190182,29.26061448654985],[95.61926347814456,29.249698547076513],[95.77688063150624,29.361652364709254],[95.78212686338149,29.341388007917317],[95.83098907559291,29.358829566874505],[95.8617461758286,29.39511832891929],[95.9418087497875,29.38765126456268],[96.04275269973337,29.46073481072995],[96.08124798082792,29.46108161837482],[96.14056856357828,29.402050067400136],[96.1799190322351,29.3075105275184],[96.23548460183521,29.241891998627523],[96.28956722235971,29.244634179799363],[96.35430451865182,29.29205331517535],[96.3790756889715,29.267105417661913],[96.34201237394629,29.178382369414326],[96.24495311632435,29.165763494704766],[96.17359182070832,29.099217506062043],[96.10205941642504,29.078994946753507],[96.14093220438359,29.058280072095716],[96.17147461989751,28.999191279647317],[96.17179659083445,28.969786740831122],[96.13489786517616,28.93523304317744],[96.1608718851156,28.897834156733516],[96.32690615659921,29.028018358074704],[96.4231419928666,29.037510215589748],[96.5135847970366,29.07395831094373],[96.46467360339754,28.983135330732914],[96.48122222856529,28.958515722209626],[96.50938421227481,28.966365328076616],[96.52608511634801,28.88246050823802],[96.60898542464953,28.77983230495987],[96.579307012067,28.71158983696694],[96.46690126020893,28.67518435676465],[96.48735636117253,28.63890870714412],[96.47447068596388,28.621782087406128],[96.4020291957127,28.580945508851986],[96.40001364981767,28.55927718386698],[96.34475466414574,28.554007608602824],[96.31857799421562,28.525961517655723],[96.36208100760713,28.480343879178914],[96.25340629671386,28.407052418793405],[96.31667737473677,28.377567696240842],[96.36258106530954,28.386356722811072],[96.395477851063,28.33591670558369],[96.41737817782953,28.34094419106979],[96.45712775786225,28.413815671790548],[96.50537920962371,28.410981004186468],[96.57074762308079,28.452324111008267],[96.6411360463473,28.45778532350865],[96.74084618062116,28.413813016107724],[96.77028998703571,28.36702864789037],[96.83453698181398,28.360719961049384],[96.88967062771506,28.378485621071807],[96.98761189171977,28.30332528771104],[97.07530583780976,28.349614235833062],[97.1056941413129,28.34695836968377],[97.17110345370365,28.28566898746433],[97.29526129572159,28.261877631665392],[97.3783683566913,28.217789959138788],[97.40280865768665,28.181873676569083],[97.36384640607831,28.189089454755607],[97.32790054364752,28.150209830156548],[97.34724292952693,28.11048709131765],[97.31043207962627,28.074516574100123],[97.32577652188922,28.05269839426772],[97.38094594616649,28.059273309170575],[97.37568260055663,28.040156116709433],[97.41289651394186,28.014836541106863],[97.37297955229579,27.968028880163136],[97.37359001647341,27.880177072130934],[97.30899593841183,27.91499112912377],[97.24902118824095,27.899297119434134],[97.10399842806598,27.76974868965979],[97.09384709087763,27.74008846488368],[97.03616235518108,27.742387048815775],[96.98305687333547,27.664282154319398],[96.94172480817593,27.660740695915393],[96.8967460932582,27.60926098249293],[96.92982282316247,27.524182275292315],[96.90324408158978,27.452726053144207],[96.96230620468138,27.40164912039862],[96.99810643926934,27.318978624759147],[97.0282667141232,27.307943838959428],[97.16385422420483,27.142239812840575],[97.13851800965433,27.09104666994343],[97.10034507466355,27.10835863378069],[97.06343882196556,27.091454844554736],[96.9848323461534,27.154298461790802],[96.87441286238638,27.180682462783984],[96.8547667162106,27.210243533789136],[96.88523367316886,27.226467601075573],[96.88474046943513,27.2596560395763],[96.84704711681756,27.27109807699087],[96.79666005708924,27.34562707266453],[96.70488533929472,27.372040410326022],[96.69748682693516,27.357658723490943],[96.60530908172345,27.365548966137904],[96.59571910124191,27.33386687930014],[96.52385143408777,27.28654589137321],[96.44064501540582,27.306331231467187],[96.3868388252739,27.284631882320333],[96.30727464140209,27.294275649925822],[96.27102090472664,27.271540279377003],[96.22799468726087,27.27868336276828],[96.02296143982953,27.18008174191104],[95.94595616456172,27.05164781203127],[95.87007918668984,27.012702856399574],[95.80203048910487,27.014500649451456],[95.72414101600373,26.882204793870432],[95.66699781881574,26.902862264682284],[95.63187553930584,26.873631385737067],[95.60848871638929,26.812858823592155],[95.54312732853464,26.835375974972237],[95.52866296383247,26.82529985133681],[95.43138003311853,26.700698097796906],[95.30288644246328,26.650822626854602],[95.2590064961752,26.65553218228798],[95.25680454713691,26.676564010071793],[95.23423149025001,26.682455931642927],[95.14892756204776,26.61586720375361],[95.15419426966652,26.583142395690032],[95.1075453613466,26.541538110320296],[95.11453827438557,26.518510712816056],[95.06199905885705,26.449718503851287],[95.0844522481084,26.447054900556534],[95.0997724307193,26.393731589358058],[95.13213667504813,26.377841228292784],[95.11459852202452,26.232889378040444],[95.14268026747446,26.211634223935743],[95.12195509698792,26.185233131277716],[95.11786895540784,26.10107738083525],[95.1858880876988,26.073099057320757],[95.12610701708493,25.985750997957833],[95.08949618217281,25.95048507103146],[95.03135204926905,25.931146109426543],[95.01177407358087,25.897777459267935],[95.04896571879159,25.759355045748993],[94.93597988375399,25.66761134549403],[94.91508900182745,25.607680898571648],[94.88171373186835,25.59104907147571],[94.89850393134888,25.565327647499732],[94.8459223084312,25.561938346147564],[94.78345043074015,25.480400543062494],[94.7514205577494,25.493889678781276],[94.68361892753697,25.466430226719563],[94.6697087284906,25.418252022396963],[94.63460245834102,25.395006474763335],[94.57564007041107,25.214123769092268],[94.60583305983617,25.181291412674902],[94.73700618771772,25.13422072676608],[94.7441558088904,25.037271804745444],[94.69659121840196,24.968470015722506],[94.71340059299993,24.934371288165064],[94.63185538118817,24.83945521712859],[94.6293557046009,24.756969527784857],[94.60511779012394,24.712309349085892],[94.54966357599184,24.71276978940239],[94.52920722058313,24.618023636453614],[94.40307612819693,24.475293774991638],[94.39763410497491,24.407286160476474],[94.36713086208121,24.39461835029757],[94.38011200159194,24.37463531738403],[94.35400427506555,24.334471421773827],[94.32716244153389,24.327664177834933],[94.31532235585826,24.252676996692127],[94.25986506270311,24.162260498420462],[94.25154041079291,24.081907823144014],[94.18685796240356,23.941281585532057],[94.16535188004042,23.92964002823266],[94.15396903202513,23.853152368765603],[94.12067231994405,23.832848422707528],[94.0843045487708,23.881426887601904],[93.9304602525867,23.95025042627925],[93.80738300502995,23.927075243318292],[93.75420015337134,24.00542166702902],[93.62335428993975,24.010919161369653],[93.5916577204408,23.960590504868225],[93.55977306662811,23.98207125457441],[93.55010773216843,23.959160928364287],[93.50476027501381,23.942186686100303],[93.46350492220216,23.973374188313926],[93.40721554457804,24.079702301526222],[93.34856174819414,24.10479490794881],[93.35380679833229,24.090533516608858],[93.32854753043217,24.08115267030451],[93.32862338432938,23.985379651201228],[93.35076391534517,23.94164995335389],[93.39313511630137,23.92884009341014],[93.39155395905898,23.756691970518006],[93.4072748455633,23.70724376690725],[93.43690617302812,23.687040715959526],[93.41650156625664,23.647628636651444],[93.42856114458226,23.588281221917644],[93.38801284338963,23.446377600359494],[93.40164726385487,23.383748554785384],[93.38763068633381,23.359396960751962],[93.35577261875518,23.351891917048107],[93.38861304280766,23.216918219219625],[93.3682343270648,23.144098716165388],[93.38561298539432,23.13383543240854],[93.35566459410342,23.116052167199957],[93.33926061454497,23.07383377921775],[93.35205975791628,23.070397137713694],[93.2935353803002,23.006439601186006],[93.22946170043363,23.01164986058361],[93.18460949093152,23.05954072025006],[93.15609191641735,23.04318060409591],[93.13626500524053,23.060647645633292],[93.12673000423378,23.04387085690566],[93.12016702630092,23.002441711180182],[93.14062747833724,22.989955345886102],[93.13803911318371,22.950564520645536],[93.16453698314432,22.91049353007001],[93.13117388751579,22.906093462333697],[93.09471769953042,22.80618637115108],[93.10735593153117,22.7526154385334],[93.09545940392242,22.67248789368284],[93.14031375214016,22.592265173826423],[93.10655038717067,22.52702505608968],[93.12820711693372,22.52365335347138],[93.13870432521719,22.454516202417786],[93.1852900993062,22.428153076307392],[93.20194511402434,22.263090974789943],[93.14209542913424,22.245464089587436],[93.1614613931822,22.1970963978025],[93.150827492662,22.176260318747662],[93.12356239790914,22.17354602728003],[93.11104251389685,22.20402837205205],[93.03822036608692,22.195028029302993],[93.0371953275478,22.144378643553214],[93.05957592897207,22.10125220930578],[93.00453237286665,22.10359273205849],[93.00741352942033,21.982325471274017],[92.98056133827619,21.980058240766017],[92.95224920550929,22.029710341124723],[92.927245767554,22.015636108170504],[92.90561366295356,21.940231594989353],[92.86340280675326,22.062674049596538],[92.84110021710411,22.05939511752107],[92.80994208744227,22.095921880511312],[92.69976412676586,22.15507306611891],[92.67974816839157,22.011552715391417],[92.65161265072273,22.01590889873732],[92.63494020313513,21.983219735537247],[92.60321990126212,21.97762510206129],[92.60265905232494,22.06110055027371],[92.56262006767209,22.128023681209374],[92.57849806260211,22.14340736571529],[92.60574637909166,22.123392340330053],[92.60922646482756,22.164018640265084],[92.55207663845758,22.40897357125653],[92.55128148932324,22.51329635622227],[92.52167127424792,22.559884306311744],[92.53937466799415,22.58914842293029],[92.52872447457862,22.665152151246456],[92.51319590004002,22.732785209210533],[92.47384417445117,22.74620851671697],[92.44923604383995,22.89500898711933],[92.43373077561539,22.885791059614508],[92.420265178778,22.91834509949313],[92.40109920448262,22.91195269204084],[92.37177858684004,22.93617114358686],[92.39238450315081,23.05645074101928],[92.35801185772253,23.10327017799595],[92.36819965262009,23.127264335015912],[92.34678469125203,23.23567342387478],[92.40419044287273,23.240657245833887],[92.36436410856366,23.32291833274863],[92.37905780987786,23.361827770269926],[92.3564253563507,23.37234696264552],[92.35740103853315,23.410698266657],[92.31713375651891,23.471654445092785],[92.3082111742665,23.577705117754114],[92.27297464598897,23.641939744024732],[92.29147675712419,23.681233064753954],[92.27909500072218,23.71640105522692],[92.24100065685566,23.720713597317843],[92.2163067521348,23.651936662799766],[92.20294949537889,23.705702403327695],[92.17770700969592,23.707560445756812],[92.170788085869,23.7392263788054],[92.14872358838103,23.7356345609805],[92.0633356129405,23.645015388671926],[92.00867317898889,23.66350111829744],[91.97826835320919,23.733083529495627],[91.95702096575525,23.733991001935912],[91.95789426132993,23.694406447985582],[91.93401838389461,23.68455515449111],[91.97038529684848,23.478282859628287],[91.93666222367932,23.46660237835684],[91.94260805422455,23.43497653789661],[91.8997113285233,23.440600248171222],[91.84498944982131,23.404685385264056],[91.8251420871661,23.35234325072128],[91.76240934633833,23.3029360278135],[91.81009075353383,23.165072894020067],[91.81345571913738,23.099200671248433],[91.8358003733119,23.09298550442162],[91.80602757060198,23.063028389266954],[91.77451740818493,23.06961598570288],[91.7806081593041,23.029092472261336],[91.76854227643726,23.040934728329265],[91.72062470202341,22.987423858792734],[91.6454594813889,22.985021559105],[91.61938273763374,22.93836106228991],[91.60610450696707,22.971908630917035],[91.57676254295603,22.965218997316246],[91.54248651444664,22.999457074745944],[91.55035650921786,23.038408582281956],[91.53048966949389,23.03830841873691],[91.52983207430577,23.09166197905994],[91.50314575591206,23.13049096574865],[91.51531805121532,23.144988361184282],[91.49088179224533,23.157603634117358],[91.50754048126498,23.183684344405677],[91.47075668440432,23.196419760243217],[91.48443081535024,23.20918086065928],[91.45061332149548,23.219413373591195],[91.47027285735084,23.227630569119423],[91.44523565056848,23.24707435569403],[91.45421040097368,23.260370828443218],[91.41831298805174,23.25538784808401],[91.40893863513962,23.2851935581946],[91.3798963152055,23.18451291227656],[91.41737109268588,23.06475710785736],[91.39585504556128,23.05604060901927],[91.34695855978185,23.10230261362887],[91.32333456585648,23.15801380443976],[91.32660682325907,23.25228658460663],[91.30022372817879,23.292452088697246],[91.31316492131667,23.30630318497853],[91.28985282713955,23.318524493533236],[91.32008596811744,23.360088305248322],[91.2910706142461,23.350657051267653],[91.24934241641951,23.49017095500859],[91.20076362180811,23.520023543702376],[91.21294567347279,23.550414121976615],[91.19445076539353,23.54717764780338],[91.15967525990116,23.611291443751906],[91.15630381404128,23.670717389300762],[91.1994216951943,23.646578890216496],[91.20852857077324,23.68640121407359],[91.15424271544892,23.688392931901895],[91.15707702662046,23.742018341709365],[91.19662855969833,23.751093172285735],[91.21902825361069,23.736426459350067],[91.25407093230216,23.836983773311477],[91.2296155826328,23.88059442148842],[91.24618446293242,23.913080148577514],[91.23301899382079,23.926957193311445],[91.27621368738609,23.92252498980977],[91.26423052333851,23.94421937334029],[91.28468820308369,23.98209985303074],[91.2997940848796,23.97211965237896],[91.30364125427934,23.997905181948983],[91.37952657892963,23.975326185702755],[91.37333590060044,24.002645284236827],[91.39659846557811,24.049620144615623],[91.37461056266244,24.10777038909493],[91.58607295623916,24.072600981637247],[91.59454000953184,24.096533710004074],[91.63793269931567,24.102922464222523],[91.63444594670123,24.138054957372805],[91.66012813109674,24.189535140973263],[91.64774989707493,24.218488992980266],[91.66515926767707,24.23352930632911],[91.68828058840752,24.16208540576933],[91.75937265745425,24.14152741864065],[91.74502847804344,24.24697481914785],[91.81635591232835,24.209938092807494],[91.84470713016788,24.225770570911944],[91.84543951625211,24.191381784283223],[91.90214190782554,24.136877257808816],[91.94081865665906,24.26809150346957],[91.91998876371834,24.337460944651696],[91.95680147255838,24.35663423695854],[91.99595060758675,24.32205448533683],[91.97045339828762,24.384520976063392],[92.09042348143007,24.371619845028906],[92.12190120960334,24.382242932653575],[92.13679962758954,24.424959848700162],[92.16458252317018,24.41887763795268],[92.15496470097087,24.522969488594104],[92.16948717483169,24.531752608694827],[92.2125156723616,24.503668085984526],[92.22380102592007,24.517452478940676],[92.2544158668408,24.678029955247524],[92.29603185237652,24.736456202109228],[92.27916000175215,24.745297096714367],[92.28891865205752,24.784485563501924],[92.27307794578948,24.827442777459808],[92.24146114635809,24.842022753449623],[92.24810428831125,24.88549391151258],[92.23287316805707,24.90014609006144],[92.29942532359702,24.915720939275218],[92.40009590889187,24.84865066995419],[92.48792261912098,24.871309682245478],[92.48749603279516,24.946948868296847],[92.44969975723696,24.938594900052294],[92.46752079845848,24.963697003280377],[92.42006263004464,24.966262810021025],[92.42528118196914,25.029505964069543],[92.34148165486198,25.04853038870928],[92.34855354235198,25.073491425795194],[92.33491451992055,25.078445355256886],[92.31063202497678,25.069020546852204],[92.22755038617798,25.093705302102695],[92.19616822708309,25.10803138368373],[92.21938319687159,25.117005367441124],[92.18932539496184,25.136287459479316],[92.18392811620947,25.117921072994342],[92.1595922265943,25.126603278407774],[92.1328820542142,25.160147121992154],[92.07385106064167,25.184948240765266],[92.00376164951369,25.186163824636907],[91.97166901939437,25.167580947272654],[91.91625510384095,25.181348284221272],[91.77460711313778,25.163129530471448],[91.75603067185061,25.177497514723186],[91.74764114051507,25.140151415513213],[91.7037827912585,25.160016878633964],[91.69179629936333,25.13711757406346],[91.63791423582313,25.12254453618799],[91.60209036904803,25.142721175061457],[91.60973450201254,25.177048439036355],[91.47101642240966,25.133586962759285],[91.46863104058792,25.151794039871458],[91.28656836023046,25.185350280445533],[91.26801341807902,25.20724405315298],[91.06964299770814,25.198409980302987],[90.86201543155477,25.157626853599236],[90.78035747151957,25.186115000242555],[90.7332764580099,25.154911423398467],[90.66600653511216,25.16580391707986],[90.66342006239354,25.19785159291598],[90.64093507748498,25.174529427775738],[90.50863949211664,25.1753546206134],[90.44107645432085,25.144508447656566],[90.33023890012927,25.19381595131076],[90.118113617027,25.22345668806562],[89.98076189632008,25.28085218606461],[89.9666547879353,25.303693519489695],[89.94924119223953,25.292714005982017],[89.90699791535744,25.30773392346176],[89.87660389956311,25.285328327526084],[89.83162486588944,25.295852579667944],[89.84137922496151,25.315034416732335],[89.81962676701865,25.38065629580758],[89.84931017973578,25.492797218560707],[89.8696395030057,25.510906464149876],[89.85127339354153,25.53862792548846],[89.8825054744285,25.61720418484888],[89.85053330395975,25.712957589278684],[89.82793021688481,25.72952659858093],[89.84032896998701,25.7667291674548],[89.81654470183601,25.814302097264513],[89.83257264629691,25.870605518756662],[89.88707699502122,25.945201554176133],[89.82538732000084,25.94550448173753],[89.87103220007836,25.980702049418255],[89.83584123475848,26.01259672789507],[89.83594146207346,25.98242419534438],[89.82027208356834,25.987641279258867],[89.80863685659045,26.043355247557596],[89.79062810540367,26.017821840067782],[89.80183345974093,26.040253235104814],[89.77365402397197,26.03763709085854],[89.79880980437558,26.059579363187293],[89.79485136906963,26.087512545739465],[89.75616990366218,26.109362723310692],[89.7665706756108,26.130477196086453],[89.74765904375954,26.157371048721586],[89.68131880820613,26.16358619377505],[89.70205997283519,26.17397664837502],[89.67347177911323,26.201428100089505],[89.6915042084311,26.211671108520036],[89.67911733865391,26.23803840067753],[89.67190315296881,26.21984671581205],[89.63443996664815,26.229410090594747],[89.64999613964005,26.190205658943416],[89.62781306306144,26.183909091451007],[89.65548315052325,26.181406933779126],[89.64932503934962,26.164430355276085],[89.60878288231525,26.180596289365273],[89.60997480681623,26.154335875026366],[89.59118394492975,26.157292056781216],[89.60423969178692,26.117454212797707],[89.63036227239544,26.118418045346136],[89.59388269266665,26.102161313335138],[89.60862236714233,26.088393079153928],[89.62995876407099,26.107043466418734],[89.65008781632224,26.063236640670855],[89.60539913519187,26.06375346050047],[89.61282618427704,26.05264389406274],[89.57872223205823,26.026261729483164],[89.5778654768339,25.9692766723026],[89.54036446964395,25.96998168264694],[89.5408959930158,26.005901428040232],[89.48035245821887,25.996067727369876],[89.43081552586769,26.011115928809925],[89.43280210075632,26.03750118625602],[89.42384338653791,26.046920117678926],[89.39279291440383,26.007190603615378],[89.35538871700557,26.00834613692149],[89.3004372020276,26.050432232196687],[89.27575601485019,26.04908017452311],[89.28105458431764,26.065615448694842],[89.25440736265739,26.06412077136924],[89.26679880861205,26.092637288903045],[89.22943734439639,26.123853613861062],[89.15538056002772,26.138610820103974],[89.1572801838133,26.16319633644706],[89.13461188059415,26.181170913206742],[89.14094249733688,26.235840787130336],[89.1001047003404,26.279467655675244],[89.10471117799425,26.315799787515342],[89.12212669550865,26.287146159878116],[89.1363077453497,26.32010687436896],[89.0836012838437,26.32202313968008],[89.10134320364908,26.336533849776032],[89.07970787296414,26.362822328514543],[89.0874088529375,26.39764731398731],[88.99403962971243,26.412818628954835],[88.98326600288095,26.446509254575922],[88.95584156520118,26.460208138909003],[88.96535558563612,26.451490060734997],[88.94616886079639,26.44793846091325],[88.94476665674327,26.425591665910325],[88.92619277152072,26.43205052379693],[88.92655973935379,26.406788242356527],[88.90478891439786,26.408458957538457],[88.91857857343359,26.3598571770205],[88.95842952089706,26.361681017442887],[88.95239536399183,26.33223159133852],[88.96141061291313,26.352295647383023],[88.9872188956425,26.348320907725384],[88.99573826073191,26.29023779572326],[89.00685174096363,26.304390038698497],[89.01840626620728,26.28981309608039],[89.02158614164011,26.30901899776694],[89.02008376711973,26.28909424147202],[89.04512381455402,26.275136389054907],[89.05946685277934,26.29343471098016],[89.05068565549585,26.24165338403362],[88.95731684594229,26.240296477698415],[88.92628083152454,26.283778077115652],[88.89826902698248,26.2886438758469],[88.86138512301444,26.272663264770546],[88.87786454979235,26.23337795240338],[88.84172564400221,26.230719679638494],[88.8129421107096,26.25599022253122],[88.81911006244412,26.294494219164644],[88.79356444412137,26.30997000421097],[88.66622666382455,26.262656828712085],[88.67513057153415,26.320072043438746],[88.74650833890195,26.322385462562146],[88.7338666757486,26.32865527578956],[88.74530076211424,26.347859463317782],[88.702763878751,26.334394469564486],[88.68101203916096,26.379407854483762],[88.7022701539924,26.388443579877084],[88.62377143974373,26.434787711939858],[88.6228904622192,26.47107851622622],[88.59475359232509,26.470637171794667],[88.5929521556635,26.44981408341306],[88.56092917254105,26.45646254643967],[88.55676396585224,26.484799190414478],[88.52648165263206,26.48137885309077],[88.5213933604787,26.510507221403838],[88.48975087669386,26.510358941598923],[88.48500966197068,26.540685318227606],[88.43715651388098,26.544072145834534],[88.41607402450325,26.631617737509803],[88.39838271209013,26.625999779746326],[88.33186767568279,26.48180632316468],[88.3548235618245,26.44702163371792],[88.37123918931204,26.48820544500073],[88.48524556165681,26.46025669700062],[88.5233519799076,26.36082389855096],[88.48236202374409,26.349702817822383],[88.45772338940648,26.376659938329052],[88.43557756472961,26.335766697143363],[88.40435057112079,26.329834806685604],[88.4149386721644,26.314822871182095],[88.38466121741273,26.313258650544316],[88.34966801764574,26.28224986443351],[88.35050996528103,26.22042270154758],[88.24182606260227,26.18908333819995],[88.17727617937682,26.148056594997627],[88.15837967010442,26.079826432206904],[88.18334549967334,26.072885595214302],[88.16953672851193,26.045199473236774],[88.1832076763467,26.026777040877448],[88.13971266206458,26.012916974940257],[88.12237449068434,25.94837261310724],[88.08596023829296,25.9159828141471],[88.09417237183852,25.87336604944423],[88.11067967632923,25.867887910057714],[88.11447678765416,25.7979408449552],[88.15149473897469,25.77555092232157],[88.18377310617288,25.80169017654821],[88.20950959822234,25.786808749021187],[88.23626701910274,25.80944018159822],[88.26955367342025,25.80817673072535],[88.26650662994417,25.78244874214759],[88.3742518941563,25.717066194759337],[88.37149168354749,25.69653901375614],[88.40168556558169,25.67256158947776],[88.45381539445212,25.66493750781412],[88.44435187572022,25.596922396631268],[88.49991542222048,25.583949292253255],[88.49350521933253,25.558847088514444],[88.53309225114748,25.542099173564353],[88.53995281293837,25.508296083717752],[88.6090868965171,25.51630217727453],[88.6483640039583,25.4963989227484],[88.64705172688578,25.47781931722962],[88.6994953645629,25.471194147296227],[88.70751659026469,25.499867447451553],[88.76884572584589,25.49854063811356],[88.75869005551891,25.52524449138255],[88.81089290298078,25.522936106489357],[88.83933121690325,25.45833851861983],[88.83000128400414,25.416944580952652],[88.8122950348696,25.41054357027914],[88.84085594517987,25.39763409253878],[88.84018487535724,25.363760364439432],[88.88512253655304,25.32561572000693],[88.90629470420518,25.337689830405875],[88.92946144193425,25.304083301009936],[89.00889752281635,25.30306813076445],[89.0079042815554,25.264903555717773],[88.98682124547612,25.274450838773507],[88.95616020655362,25.254940990807718],[88.9617712464508,25.20907053546226],[88.93643700180859,25.210522455458634],[88.94881933876208,25.176579016390555],[88.923075630289,25.164908858545463],[88.87526446189275,25.17934414777832],[88.84376288636967,25.213807084811684],[88.80586040422176,25.170450625421747],[88.76940115296888,25.189845138379383],[88.74909617143575,25.176852356999497],[88.71148149020392,25.2076597454312],[88.61272205509783,25.204171398292093],[88.56557923142203,25.175088119259126],[88.49914505104998,25.210385940815847],[88.44368775251118,25.197296900773875],[88.46140356008013,25.149385582438033],[88.44141953380745,25.127508092038077],[88.45286975591475,25.079304933265902],[88.4349655444767,25.05596223475196],[88.45265836637783,25.036871081511062],[88.41209299292701,24.99881118438757],[88.3988380357371,24.94532022181498],[88.34090439778566,24.940631463715317],[88.3242793738884,24.91682311092751],[88.34700762063696,24.892433361243924],[88.33061902242613,24.870139789897184],[88.27608381623082,24.89779537549616],[88.25826625346093,24.877550192681888],[88.26051868846716,24.919181997653183],[88.2261127441443,24.95970612873059],[88.13804435161553,24.936160964017635],[88.17501913624437,24.860151239214794],[88.13191237682602,24.836012374372768],[88.13628407691469,24.805275112094588],[88.12354498494953,24.82310942982936],[88.10609799049244,24.77956725437843],[88.06830691994797,24.769150160218448],[88.06284556973074,24.721596493538822],[88.00875639983828,24.667834286765277],[88.14075534947524,24.51124047913629],[88.19840139116427,24.462495466430525],[88.27192315323843,24.440580501002472],[88.33398422788215,24.3813925974887],[88.44643242427105,24.378580596115743],[88.52711916944402,24.34437871713973],[88.55513488687316,24.293341349233092],[88.56768818999899,24.32665364875501],[88.62848838606612,24.305093365987794],[88.69658757923426,24.31535335968738],[88.73543909410623,24.276495497162873],[88.73140803517227,24.173387262014263],[88.74649069541007,24.147064666829774],[88.69319025153044,24.111152898947257],[88.74163131073091,24.057122441534357],[88.7247543559488,24.041612038058975],[88.75749064848361,24.032095043695314],[88.72904550864216,23.99611357152128],[88.76019491123492,24.006058245915273],[88.76894550241222,23.982197339156738],[88.73823914894898,23.98298608955906],[88.73340350957398,23.910975073569787],[88.70639705798557,23.916272815659497],[88.66758590975824,23.869445008622044],[88.57564057812887,23.861551709847394],[88.60212907249216,23.817215884661138],[88.55603531077925,23.784211356371937],[88.58081486462318,23.76053559674453],[88.55820803804211,23.649154337192343],[88.5937649140288,23.640810242496844],[88.58007392392231,23.602966930871965],[88.64553159130293,23.609283935533963],[88.65425320787789,23.556153441268002],[88.72513478267116,23.51183288273119],[88.74142148680384,23.47967984062016],[88.77488749329247,23.47981434707468],[88.78595153164275,23.507240089089077],[88.80078695718207,23.497124098981942],[88.7953162899589,23.443023479879713],[88.76431444048158,23.448205645584505],[88.7492615272548,23.400553926156867],[88.76543450573679,23.367883893870392],[88.73203204988829,23.35198659033603],[88.74529847285848,23.307820192497996],[88.73041699393035,23.31958253677981],[88.72540883292443,23.298691773036705],[88.71034511126904,23.31285407553438],[88.69636127259635,23.302290322015896],[88.72440987011022,23.27162128291206],[88.71889421342667,23.25479816553276],[88.7695376097882,23.244844199943177],[88.78980100328303,23.218340436746125],[88.81143897339423,23.22154779278829],[88.81146237767278,23.256087757481282],[88.82382157341223,23.233414412312072],[88.90685103767692,23.23596497158484],[88.91458691202904,23.21347041903175],[88.942629700461,23.20611381412882],[88.97593103178863,23.22443266892685],[88.99572467839154,23.214700209843006],[88.97966990832515,23.21285796555012],[88.98038469724436,23.18254730702226],[88.96230752547585,23.19314468785866],[88.9390940511136,23.176803858705146],[88.91789700029874,23.12908018358421],[88.868446310597,23.10106772230057],[88.87975463209095,23.006325593032372],[88.8450862887683,23.00985827675023],[88.87096746697853,22.978633050221468],[88.85944484154842,22.943189540030115],[88.89426437518046,22.951998936298857],[88.90942970183522,22.8798560677891],[88.94537481878677,22.880674606574537],[88.96864444216446,22.844299547337663],[88.95788652251956,22.795864767615917],[88.91100487183438,22.757730531100634],[88.92790419892468,22.718071095310435],[88.96236641319805,22.69497238521758],[88.92711365024908,22.64964718426763],[88.9349458273055,22.62119698469101],[88.960081400849,22.616633178032977],[88.94069739360495,22.56134834170879],[88.99612364421921,22.4689524028638],[89.00007015853063,22.429839515174116],[88.97190680906719,22.409885842993937],[88.99425138589959,22.388733199569675],[88.98447968857326,22.32669716810473],[89.0245456421907,22.297164357211184],[88.99509731320875,22.28626458286221],[89.07161385214641,22.19688791313429],[89.07184406870347,22.146252670892476],[89.0985464501019,22.153417000717145],[89.0378566993504,22.094214050219815],[89.07686319763523,22.008409742019243],[89.06900061482874,21.932857721627197],[89.03513662469516,21.92699033430307],[88.99739347881875,21.95024947518625],[89.01409805815796,21.97672265121904],[89.01181664444978,21.984261983576797],[89.00122623370562,21.98640363417884],[89.02717447161955,21.99751143901352],[89.02906007867219,22.001733649704367],[89.00032264500283,21.98766792178369],[88.98937899991832,21.974264994018036],[88.98629084747068,21.98682322650578],[88.96869070168233,21.996193823320414],[88.98771499435144,21.97164472779226],[89.00975333944722,21.979504154790238],[88.98830928600229,21.95158636548792],[89.01832622682551,21.923544553618164],[89.01250120887563,21.90327026438187],[88.94547523874789,21.92929860708091],[88.92485525524859,21.9636465574635],[88.94425393677538,21.987097860794446],[88.93817295765946,22.011859621518536],[88.91780602029094,21.980930740097637],[88.91510648271165,22.008462811271592],[88.90246834588646,22.00385308574326],[88.90436150889634,21.92789070492635],[88.85824089829023,21.92036380841315],[88.80574902404925,21.938068562693424],[88.79904457908877,21.922103126374164],[88.83980096815012,21.88636010430747],[88.82147623591774,21.781442505651157],[88.86469530046271,21.76144254327069],[88.84116452770009,21.716880046749235],[88.86154869754337,21.640940769357407],[88.8455879537469,21.61910268878256],[88.80449477580478,21.63716341768758],[88.82244268923294,21.667024860599145],[88.81459449537577,21.7107278519119],[88.76270887076583,21.70197187715093],[88.79383448973473,21.73700547408371],[88.79049158109687,21.750034474088107],[88.75586936010568,21.73531581437654],[88.76720853291405,21.763307961384225],[88.7501327852462,21.770489607597167],[88.7656797109653,21.786360686563675],[88.78114707517474,21.825167384828834],[88.74552623798635,21.77324241423033],[88.75976631542123,21.76179647482065],[88.75235209328365,21.733299077717128],[88.77757327362194,21.721283497898096],[88.75654855041527,21.70297269890657],[88.76870328703663,21.693687862720076],[88.8099326063032,21.704483913032263],[88.8079423281869,21.662676942301502],[88.74479042642143,21.66083190176692],[88.71140803223932,21.68958108670612],[88.693759745361,21.74530785675945],[88.72549429466524,21.979543107137708],[88.75146465535829,22.006230923507793],[88.71019916194385,21.995954095115433],[88.6786201628835,21.943094888572222],[88.63071753273734,21.954360312073202],[88.63187619268218,21.988284388568996],[88.61693380738726,21.993405116689523],[88.6316980607181,22.011685089148095],[88.61283821484452,22.006402625175447],[88.60896552391127,22.003859787024975],[88.60243191991792,21.997246982254957],[88.59940670952678,21.99183237382406],[88.5965938546812,21.990730142151648],[88.59503521187753,21.98872041355673],[88.5811642621779,22.000041838997856],[88.57124328176585,22.00043953715517],[88.57448253480888,21.961585965995617],[88.55398400694344,21.976362006706218],[88.53489514306231,21.968727764296553],[88.54883436216517,21.920272218645902],[88.56874527992669,21.90408310989261],[88.5410312613844,21.907421586577694],[88.53876465043334,21.86323562358984],[88.52972204448052,21.872496522848493],[88.51862714887544,21.87560540291359],[88.53717254427168,21.856483983733092],[88.4964304590534,21.87713518496039],[88.5111327802865,21.927561987706646],[88.4795550710871,21.906660535652776],[88.47437662756508,21.893664211934684],[88.4495896125951,21.905664859639344],[88.43875553215125,21.90601250486178],[88.43109861187332,21.90120157310229],[88.421204308448,21.90407651342051],[88.41804890964998,21.90260521724883],[88.4343106366196,21.8989698299903],[88.4506635355756,21.904919330467525],[88.48303528875692,21.872032754754503],[88.48786301490686,21.84037535166193],[88.47329003265646,21.83753428013942],[88.44736652610082,21.812988023056203],[88.4603966235447,21.792440437654292],[88.44516149808788,21.803027489092837],[88.42992902402516,21.800599207260124],[88.42588177353993,21.814522124230837],[88.41742356334134,21.813156135800508],[88.37936550729006,21.787616378556834],[88.37463247674644,21.768131444775786],[88.34280530319283,21.761327415531134],[88.33856367567508,21.751355993326396],[88.34429831694241,21.721035902922683],[88.32725499059931,21.726485156422715],[88.32080181811519,21.708737971959053],[88.29996476525515,21.78140972910385],[88.2829738638629,21.789456428796033],[88.27484344832533,21.72739740757398],[88.30377795965025,21.66986047343643],[88.28441580944157,21.600706413638534],[88.3102918914273,21.581310115551666],[88.25399215163839,21.558351777186868],[88.21846246472067,21.615931918326748],[88.23749181743919,21.64431951243646],[88.23313369927318,21.66881547827514],[88.1997539997428,21.682696684621444],[88.22043034266652,21.701882410449187],[88.2152921986725,21.778031249276772],[88.19724652583295,21.84102358369149],[88.16344403753621,21.88367071699807],[88.17105386560378,21.928562414034385],[88.14975429158761,21.956883756305736],[88.21473189602834,22.038594126435537],[88.22441030050385,22.089915968574772],[88.20530857760505,22.164539240993847],[88.16858250599186,22.19716759869563],[88.0702382465885,22.21120613675528],[88.08767732524286,22.24242154679349],[88.08460597907091,22.25634207156796],[88.06057129430413,22.20577053189274],[87.95593189499427,22.269732295352473],[87.94699848099089,22.255752338013135],[87.98318367376196,22.214218612730527],[87.97522517716209,22.2333991966534],[88.01020243853661,22.201335206199747],[88.13588614175164,22.18477803459586],[88.19053919696977,22.11420320866422],[88.15365661508775,22.063590696662715],[88.04996881183361,22.0137551189007],[88.00366463075899,21.90599895127453],[87.94061904831617,21.823454399847005],[87.88326654918292,21.79334983474203],[87.80763902057936,21.705193744397786],[87.74721635432373,21.700064373528093],[87.71268571203444,21.66532869050801],[87.55355773337546,21.638046510366053],[87.41074663222086,21.585938246837138],[87.36986953652114,21.553401372724185],[87.2499969375522,21.55678356380137],[87.1185018862394,21.51709709991143],[86.89249985290677,21.318428891840675],[86.8293531213078,21.20864698236224],[86.85628655202456,21.205603746768098],[86.84153570344748,21.175081371657562],[86.84789739263252,21.09550287652201],[86.98087745040189,20.857047191603613],[86.9674113818801,20.79139386588007],[86.94416349717437,20.766477947357874],[86.9924822530672,20.770227986187667],[87.00003841082645,20.697836803990025],[87.05824806623734,20.716757008945926],[86.77525049136231,20.520752711264944],[86.73426721557693,20.464100824108908],[86.7243808916469,20.393845313764075],[86.73924321799727,20.40081367263336],[86.74644839553794,20.378607577180254],[86.77619794692653,20.405421183828278],[86.78091074769107,20.378619190321174],[86.79726680864911,20.375756304485773],[86.78893805972743,20.374621777296507],[86.78185418602385,20.365863347815747],[86.77879210228824,20.356615574554027],[86.79801883978136,20.363396106164846],[86.74752688985298,20.306966522076106],[86.67983826697038,20.264218050163635],[86.66925188041542,20.275719674012667],[86.68018686285482,20.259944510744567],[86.52043835882368,20.17012622643931],[86.41402415292917,19.997315796266808],[86.37799744358486,19.966833492533834],[86.40819086546027,19.969740206631435],[86.19384242817871,19.888836142352446],[85.86190142614768,19.80507184450175],[85.6370326950859,19.72549918226758],[85.32275301838519,19.57038002020279],[84.93331120319425,19.278824954482047],[84.81499890726766,19.162114774514222],[84.6844770398294,18.967471281236573],[84.58653242814027,18.866650486183378],[84.55783828444535,18.817752010799566],[84.55192657376105,18.79104092607288],[84.46966289379961,18.714427790195288],[84.35472852832508,18.554914448999483],[84.1474138803445,18.373422983458706],[84.12685935165915,18.313365502981977],[83.86038897428709,18.174283804187848],[83.80993084855209,18.156032297531496],[83.7949747316625,18.16839861342335],[83.80526381108851,18.154038769933923],[83.5693742064567,18.01179941201918],[83.54185268919622,17.961176560686265],[83.4070716465864,17.840937999376994],[83.41086958980912,17.80935818755649],[83.34594453233676,17.726050323519935],[83.29692611646568,17.69371362508576],[83.21231769046221,17.590739582040992],[83.03123044260231,17.51332096323358],[82.99206853042718,17.47254804038356],[82.59625881664826,17.28279073173286],[82.47172852574577,17.198574404587607],[82.31930864955538,17.05784891329811],[82.26493057402543,16.938906407188618],[82.27055437057636,16.941418591050308],[82.27345717266087,16.947594287239305],[82.2768341132435,16.950577853005985],[82.27788295629507,16.950695705149005],[82.271145260338,16.941296092786192],[82.24670793879767,16.91784721797316],[82.24303893042742,16.917836642559504],[82.24144428279621,16.90803659556384],[82.24826681476772,16.876465118051726],[82.25982179837668,16.884451017252125],[82.3142288408405,16.84587980695004],[82.36157112866084,16.85444713951447],[82.35771483810431,16.950026764252474],[82.326260764071,16.988334985832942],[82.35564571590496,16.967794319268787],[82.36636497815839,16.911358526730478],[82.36527378309178,16.875990518916854],[82.34179608779888,16.72843617098701],[82.33334496084204,16.7167305476907],[82.34492835430129,16.704552981445644],[82.32768839253457,16.684920741979077],[82.35399544184378,16.705631762503497],[82.34644933619532,16.715637895977427],[82.36533809327553,16.706654000804438],[82.31728810207788,16.662266365722942],[82.32905279571037,16.614475186446988],[82.31887429817765,16.576826302232323],[82.31282279272939,16.66801194700649],[82.31214174610973,16.62707534982551],[82.30750294761049,16.639927249598994],[82.28425914353123,16.626027164593566],[82.29882441012606,16.586435836659994],[82.26308456280424,16.563019343971813],[82.29717528889712,16.567567980801467],[82.28999304640172,16.554865950740897],[82.29964089238122,16.55819435090914],[82.29915454005817,16.572236628455027],[82.30087019873554,16.56239000853715],[82.3106683840006,16.56773822360091],[82.31343646348205,16.564820107514816],[82.31367129412908,16.55873520333226],[82.31285214325953,16.563486474286364],[82.29948432678395,16.555938897997247],[82.2349115602389,16.546011452875376],[81.95773188972493,16.392374455728053],[81.87815096151697,16.38263128930679],[81.72078750304591,16.306860111349785],[81.69063990403255,16.327471792482914],[81.48724227562484,16.355066105439864],[81.39379109469019,16.342473152222485],[81.30535013739033,16.303533814357937],[81.24619159465215,16.258865906915783],[81.21376366587776,16.207218328629537],[81.19136532816346,16.10282368467242],[81.14554113649902,16.01294511826375],[81.1480452152046,15.973701412912842],[81.00477141513304,15.837804229964187],[81.02056249362872,15.793007714342268],[81.00823733335776,15.797406769653964],[81.01210343601849,15.76607662372116],[80.99845133031606,15.769691433674746],[81.00845941137247,15.752928471116823],[80.93721926650865,15.714404116301282],[80.82151564087744,15.70933846510243],[80.80963824349632,15.721929715363691],[80.80922900250995,15.7349651543177],[80.79808419069145,15.742416685211184],[80.78842964526812,15.757228854429778],[80.78771597794827,15.764262862323655],[80.79046112015983,15.76985831967132],[80.79964928716802,15.776774539133168],[80.79121724872795,15.753633850958188],[80.810242795255,15.735262148280627],[80.81143002418702,15.7270604783116],[80.81671394533272,15.716993848184499],[80.82227375505835,15.710418312694564],[80.81753163083627,15.749358021512489],[80.77962901440526,15.835295984955778],[80.80091240451142,15.805791357466997],[80.81560721522862,15.810695291784114],[80.807020339242,15.840445715520142],[80.77388317809927,15.86626705490637],[80.68060701292674,15.885399672943668],[80.53645750137144,15.852303241539017],[80.42856260021335,15.804682430599433],[80.2886651489476,15.69339069222582],[80.23721184270471,15.60066992857888],[80.22905441349288,15.60424620262991],[80.22062638705214,15.600924560902127],[80.23472670275086,15.599052193572032],[80.2241252743043,15.5949726525259],[80.22238319698356,15.582677467732806],[80.2255231945228,15.593056812028696],[80.2350646474292,15.59059049839299],[80.22479376928841,15.533477518209077],[80.19422570252404,15.505014629835296],[80.20496261361903,15.473890989135063],[80.12183479019268,15.367873672361862],[80.08474095804786,15.28333543864931],[80.08903043975661,15.211933043970426],[80.04697899662068,15.078598304346304],[80.09772470020822,14.779547901600333],[80.1955132395841,14.585826953966741],[80.16856858725853,14.35485086422172],[80.13010717495943,14.231160878916167],[80.13377812044426,14.09690834929426],[80.25064422330331,13.796006128335213],[80.23517549483351,13.647451173073016],[80.32601849756374,13.441682192027521],[80.34526866638943,13.279892706372278],[80.2593951468537,12.934550166661184],[80.2551531348052,12.78270201268586],[80.1570943938861,12.46825081707198],[79.87897512101976,12.054486534146246],[79.8046298223643,11.833517234865829],[79.76065124800881,11.624372777889308],[79.76753422941073,11.511679767672563],[79.84259907827715,11.350742487210704],[79.85843451393673,11.129266977198805],[79.85329734360252,10.679417214579553],[79.84101759917212,10.676297437669342],[79.85333622963128,10.676480180099993],[79.88044352682321,10.304685315125601],[79.86031895286605,10.282407741988552],[79.81675702319855,10.275838023856487],[79.81331728109495,10.288743294243075],[79.81392718831471,10.275615935114423],[79.7800925151491,10.272469795636134],[79.78338512674654,10.296058594204965],[79.74872250180803,10.314376505556261],[79.77753702545017,10.284615471600231],[79.76766409967144,10.271805667126495],[79.53074251885344,10.309166178984027],[79.54413041527997,10.32488531890908],[79.3959000399758,10.3186351553355],[79.29846141121435,10.263298499446105],[79.2682722194323,10.232808731564061],[79.27735043978139,10.213294500504777],[79.24153667313811,10.184870408366844],[79.21910269626542,10.112598762932999],[79.22714855018033,10.073584128193707],[79.2661117561183,10.039233637244836],[79.13887080059655,9.920861248838134],[79.12403564756714,9.883561957684188],[79.11844617173573,9.890654537097543],[79.11126567380335,9.892837579737149],[79.1199521113741,9.853739570751575],[79.08495513403129,9.83465047199647],[79.0586181926486,9.772451371629277],[79.01591177881858,9.732318979194716],[79.01597275381896,9.740392802002503],[79.01315044146939,9.744840091640112],[78.92515155177797,9.585001462441456],[78.9004618246853,9.46829613515021],[79.01309480189329,9.33236629212008],[79.07111926964168,9.295035562328842],[79.18412807110342,9.2828089546707],[79.26592844585548,9.292744172973807],[79.31799444173976,9.325835635896611],[79.33516430982203,9.312045685384621],[79.31499886681566,9.283100716223972],[79.32400378246619,9.263577299197582],[79.41643758414666,9.187098900701265],[79.43584297058621,9.164171887641626],[79.4354962908733,9.157793143703152],[79.3096375663871,9.242051341142751],[79.21983108437337,9.25733698377151],[79.20919806128457,9.282403164942354],[79.08072139703589,9.261205992926708],[78.97892567179134,9.274851832236848],[78.86109901014098,9.25540191484183],[78.7326027953361,9.211889350887873],[78.7172551989158,9.189542662793261],[78.66380176429756,9.193615235776118],[78.64220843488516,9.174678864713488],[78.65707490148355,9.157693786595319],[78.57824975891863,9.130999665908346],[78.53090273383093,9.138077814281472],[78.40870470485444,9.111348230877347],[78.21504443336205,8.96603792640253],[78.18664195238253,8.923590914271935],[78.15808082668273,8.796964934717446],[78.18705554508357,8.764139952190531],[78.19913448943876,8.78747530009635],[78.19825272049526,8.7610801462104],[78.1629937513682,8.741345521424721],[78.12563863501751,8.66508837686832],[78.1305894301146,8.496909021579418],[78.06388973760396,8.41798527914605],[78.06742521028505,8.373269248343055],[77.80292453582122,8.24016576280399],[77.74471211407882,8.176915939085319],[77.57711293059924,8.136721398424138],[77.55093297364918,8.077961801983074],[77.31579675487698,8.121837131568993],[77.01115267806045,8.354739527891148],[76.63143318749438,8.83652968624442],[76.54673054687886,8.903905087844718],[76.49913169761992,9.05822251783653],[76.33024760797507,9.441248479846502],[76.24120356600193,9.967648086850492],[76.10032798868146,10.381474912890384],[75.91010100155071,10.786134817749243],[75.84670199083237,11.062867830324729],[75.73081044140531,11.35832539230471],[75.68160519501163,11.44962127633004],[75.61678020894766,11.476408937148403],[75.5606171458045,11.642925317212686],[75.50899791212018,11.731132331762433],[75.38575851526811,11.8563380221637],[75.35568235121461,11.859804394473882],[75.25033286694116,12.008188888953754],[75.22910969246395,12.022605801182955],[75.20105633813542,12.006088967048624],[74.82442737910448,12.849057475860576],[74.71636552984539,13.312579386705307],[74.69358563021572,13.343707349985616],[74.66851133432752,13.640168011874456],[74.60992991389371,13.865551620940286],[74.56920873264167,13.946779049248088],[74.51398208201691,13.986858474561375],[74.4689270877026,14.18867663609829],[74.44165544193528,14.224565860573076],[74.40138045248229,14.395498611608673],[74.35573462012462,14.520860609050317],[74.31021727033786,14.521365373976632],[74.31472695373985,14.545724290915253],[74.29299900880224,14.596489915960362],[74.2735809666575,14.62748342687857],[74.27038788987842,14.627232256394658],[74.28643915598518,14.634214520974076],[74.28253403810645,14.67654885081342],[74.24932187911959,14.741183655389717],[74.22675668434623,14.747981125470352],[74.20380795802882,14.736389374102107],[74.20843284356656,14.717643742142402],[74.17716323111037,14.750561590113621],[74.15210840341821,14.747059887707094],[74.14139394581663,14.779190972596034],[74.11899936421679,14.774251843379227],[74.09277326937139,14.804001945419317],[74.12426054609602,14.805003401582999],[74.12479208144734,14.839546997698893],[74.09588025431734,14.898226316947843],[74.04419596449509,14.916600045080356],[74.04104189577622,14.995434584824716],[74.02103991418053,15.01716839984657],[73.98948234579773,15.018915121032194],[73.98835786018421,15.05513993530172],[73.91287557910235,15.083574222033143],[73.9367881004869,15.132161768640742],[73.95650016744293,15.13549621862113],[73.8791798256897,15.361898898546386],[73.84242643175952,15.358414891977159],[73.78368839932878,15.408100116021064],[73.78971171643906,15.463804111060655],[73.6893733374744,15.718005555412756],[73.72630731786474,15.71704546924772],[73.7394214586976,15.734478802662025],[73.68322390557954,15.720341284463679],[73.64986204595286,15.744899963118236],[73.65761437496194,15.747065318353535],[73.66435422291048,15.75310185455638],[73.6562580180836,15.795760403333613],[73.62608567153436,15.85176766408834],[73.58696672627045,15.910614364116093],[73.51010881932145,15.940459787440554],[73.48436094422634,16.03371254569734],[73.4672162701404,16.053727765839454],[73.45638676916656,16.05279241911396],[73.46490363100736,16.06697680041209],[73.46474999127966,16.076162078834457],[73.45816691340478,16.08603496044719],[73.46492054987694,16.08693699015725],[73.43964352884817,16.191333496402596],[73.31087063590199,16.54143945757569],[73.34525135626055,16.572583951362272],[73.3174206618413,16.601666994334135],[73.35519457553599,16.618950630522804],[73.33045054967067,16.619858851870625],[73.33910631705183,16.63780543834673],[73.32301832281522,16.6386166830283],[73.32971591035309,16.687394891281187],[73.30444198882235,16.765871818607057],[73.31913811243568,16.795338389088574],[73.2891385672329,16.84429213612336],[73.30300254990067,16.891410532767512],[73.2785760847289,16.893036716691856],[73.29971793557075,16.981884014496814],[73.27928005690094,16.993400051272303],[73.27123598944306,16.98509218373899],[73.28405330033583,17.011096228193555],[73.25536795360064,17.027712700900125],[73.25821254838995,17.04877497806449],[73.27703102115551,17.03630075853966],[73.28670819987467,17.054251232928046],[73.28247406466106,17.10720307660355],[73.25289690575131,17.18939041065141],[73.23162620474137,17.199143801971854],[73.24341448750818,17.22516243061751],[73.190638505181,17.299308883164137],[73.22265123036743,17.306325116725883],[73.22924747933394,17.28247770391596],[73.25877070709028,17.286030133730726],[73.23555637841619,17.288107997426724],[73.20558113156187,17.387330290486688],[73.18333128689218,17.384076696210354],[73.16729493504101,17.404383028458504],[73.19865129035942,17.439085603128753],[73.1845275678969,17.443138181227855],[73.1739255926032,17.516907269266838],[73.13710165945221,17.555890981553045],[73.1526472450597,17.599374461279375],[73.11362784584261,17.689813450328135],[73.13309584113077,17.72441721869885],[73.12122005875085,17.766698838713054],[73.11081033122274,17.790186905972075],[73.10659325052427,17.793018650587264],[73.10314949717957,17.802982060060387],[73.0985845159039,17.80821928301095],[73.08935798019388,17.812340519317562],[73.07500240440207,17.882525679766704],[73.03080605150365,17.942814537427562],[73.04026450721024,17.978437789701875],[73.00512928575074,18.01966551423654],[73.02129499460828,18.02745331667773],[72.99037561694253,18.055766229078504],[72.99683319829994,18.084213861626274],[72.97102844421222,18.1328896221102],[72.98865887015435,18.157899983381057],[72.98093260752987,18.19628601534183],[72.9317784061575,18.22042031599769],[72.93804808099462,18.283722080418855],[72.9730207856796,18.266164202453602],[72.98648136649905,18.282278812441746],[72.95386708573713,18.334963673121575],[72.91522363803654,18.355137670460856],[72.92594592995569,18.38343851533041],[72.89373245314134,18.471791210955264],[72.92115796570941,18.550552897138353],[72.87813915040364,18.63081433418234],[72.86005557702036,18.63351282563629],[72.86580722033206,18.80762114061292],[72.91448933548305,18.800324646299387],[72.94515162789662,18.826382469902924],[72.99594317606903,18.77301780962052],[72.97827223920955,18.80759590914983],[72.99929189499866,18.809200509826862],[72.9750875972897,18.839501449561105],[72.99538658566262,18.87151067145342],[72.96099408558379,18.841038618424047],[72.91834791053789,18.85540759642753],[72.90407301254942,18.90443519439745],[72.93706077814342,18.909331963761268],[72.95917130454016,18.957162262763273],[72.94710896584733,18.98685024692139],[72.88530043125051,18.981478205341606],[72.87824291965954,19.021936442878488],[72.85432057803304,18.997203427255247],[72.84337231332803,18.930294657743236],[72.81195123052393,18.895127663811923],[72.80356021647847,18.898814623173077],[72.82360580795806,18.94124944406838],[72.7924965370571,18.949906451397368],[72.83863137739893,19.046523181207114],[72.81701339796932,19.04147410080409],[72.83322334260299,19.084831055981965],[72.81163060822345,19.14523104883759],[72.78607302247575,19.133520795628147],[72.79548422100294,19.194667729892274],[72.78141005332074,19.19543057505257],[72.77865496899993,19.27892484775224],[72.78692804746306,19.307684235931305],[72.82995145097348,19.334621363734225],[72.800190670347,19.323847116665103],[72.74469336591459,19.37803633278272],[72.75992691706466,19.392709666807328],[72.74954767814278,19.489269328780026],[72.71973195273338,19.50076646629046],[72.71109041686505,19.54078350349491],[72.70890928815635,19.59876418572019],[72.72534332214329,19.609571404797787],[72.6991340097124,19.661478808710754],[72.70814365730067,19.70381072967979],[72.67552362003806,19.71571327142298],[72.68284783872114,19.793488519629722],[72.6419905698055,19.84398236432703],[72.64805583425914,19.870054681945483],[72.68027167763353,19.86489624222763],[72.66421602373931,19.93348883916184],[72.72197582684613,19.970623773489393],[72.707883797128,20.070025490456946],[72.74658519423883,20.116141611977667],[72.7566006560819,20.290163172883876],[72.78850196665462,20.34676249483823],[72.82327210398252,20.36589533750037],[72.8046029247555,20.37227195037626],[72.82014375011758,20.433908259428463],[72.8462685542316,20.47802997836432],[72.85812432978773,20.46563655641105],[72.8859374201743,20.497677181813227],[72.89798637715637,20.584872431118118],[72.85293687736262,20.75680574560408],[72.82021273458017,20.793798370261957],[72.83923622085726,20.805248422485512],[72.78017427692957,20.92115092276409],[72.81997641248415,20.927503695034506],[72.82036620075175,20.952299788085696],[72.75465206581879,20.938658860346703],[72.72215695480112,21.037733279391233],[72.7261784152859,21.061030184301373],[72.74893359944578,21.05722408037808],[72.74118841245425,21.074457118089274],[72.7024714920405,21.0961591006174],[72.68478788044796,21.08297367754088],[72.6698234774654,21.115038353673764],[72.6415389002623,21.08515306218883],[72.61989833420886,21.100748407204872],[72.6380583190025,21.2111079093116],[72.65735441892969,21.22465191496135],[72.62225692862893,21.242593406409565],[72.60034101131609,21.289869978204532],[72.60116760118846,21.388624229180422],[72.67933389970595,21.439955434570855],[72.68730213639948,21.45244453842408],[72.61312130104083,21.400109721815465],[72.57957706264189,21.41385643560175],[72.70283033945948,21.525668795093345],[72.74999998147986,21.52751896994977],[72.77022324076061,21.562515464279265],[72.76006327392838,21.56033232840805],[72.75445383873961,21.566275630055536],[72.80224034170476,21.587213313138218],[72.83014570121257,21.628448991527446],[72.8284574925701,21.65091484045515],[72.86790648887863,21.64221722379052],[72.87723776745474,21.672558608724234],[72.96297828549521,21.674034656587928],[72.8619065680901,21.68759118057069],[72.80129464704726,21.657685176117102],[72.73808078293939,21.690970059599422],[72.60809172258263,21.6880550859587],[72.54355212668123,21.660507256341937],[72.53247146896112,21.71810149760978],[72.60717422348472,21.753050573730015],[72.6100449781682,21.79017976269729],[72.59302452050237,21.804915109445265],[72.62043153298049,21.8299253933229],[72.62335263662234,21.883751333689066],[72.64816987316749,21.897309763449645],[72.69126520222945,21.88258134102456],[72.69190307742038,21.94187494856731],[72.7194125359535,21.939224115457378],[72.7482885444501,21.967462913404297],[72.72522339688875,21.996465984953844],[72.70780615112545,21.953397868334818],[72.63998974124114,21.956825762779808],[72.54536124952935,21.910988737933177],[72.52796675578855,21.9370162213894],[72.54785929479027,21.964388748164872],[72.53054446341527,21.955075323248707],[72.52589424530707,21.959872578632663],[72.54854345340188,21.991051215466733],[72.54316391576074,22.126342594840917],[72.58095837647602,22.19915452131137],[72.64996108179223,22.215462979189244],[72.78268456548318,22.157569291561554],[72.78275586932027,22.19286689640119],[72.85379973759315,22.23885221836311],[72.84921907404535,22.27494792815144],[72.69895634161173,22.199905674225533],[72.6241766763742,22.233910530418314],[72.54373452921344,22.22307206485811],[72.30003250560922,22.03336920435425],[72.26886893768452,21.970603034285542],[72.21166860107766,21.962067029315072],[72.20419536314078,21.891069329571277],[72.24245950512292,21.829811416793557],[72.23548003693422,21.812038888121172],[72.20282372341212,21.819055414831613],[72.28284355258204,21.69695816344648],[72.30612665312482,21.626009207859443],[72.2699572593661,21.57264210577395],[72.23535452519023,21.456008320813023],[72.10784189927173,21.302474603295433],[72.08266649884854,21.24513505087998],[72.11205342353334,21.19863070066284],[72.08766895357876,21.191884688723786],[72.01779218852559,21.15391148771824],[72.01022954580633,21.13467008453529],[71.89833422269584,21.109941461412287],[71.8130782236746,21.06746765675142],[71.79763059472333,21.055218565189293],[71.80585534798645,21.038061182889436],[71.71667919086092,21.020751908415892],[71.64708260470488,20.99420334194194],[71.64771159356525,20.974650854660837],[71.6074925646543,20.97795987781311],[71.56558329629216,20.94895187674889],[71.51665436501162,20.948116549631173],[71.50666799242826,20.9187690376931],[71.43998249000911,20.86952080314826],[71.37992096776047,20.87426198367525],[71.38406653326373,20.856757263673156],[71.32172641396198,20.846647211278032],[71.2091649905957,20.80085498123176],[71.15615199215445,20.777709750481595],[71.14807546110094,20.758250353051473],[71.08651057344802,20.75554931530563],[71.05060915653725,20.73042352706993],[71.00544296199988,20.73916949055859],[70.97695676132315,20.70280361557394],[70.87804531199477,20.709780841093295],[70.8217911861564,20.69136211449088],[70.43771951390977,20.852898943171535],[70.1813526561192,21.036056770344448],[70.04767670571722,21.156947488051888],[69.61596368678944,21.624551772483642],[69.21655217537295,21.957508263874942],[68.95822020435766,22.23809821922617],[68.93575780234615,22.311825992814267],[68.97713226874873,22.403551465756472],[68.98177477906732,22.40159743294357],[68.99637415486019,22.40159986523684],[69.00000000114771,22.404098472886638],[68.9844774011635,22.41343511637586],[69.06811613922835,22.481384881766296],[69.0836219931675,22.474589505064163],[69.04971037581312,22.437764618125406],[69.03946676337743,22.445710929642427],[69.03548951595883,22.390270195901664],[69.08184542878011,22.388202815552095],[69.11049032463423,22.409944267054588],[69.12797693770882,22.395107485163553],[69.1211696144804,22.375637591527948],[69.13029795284757,22.395089370489845],[69.16885090366627,22.407482188274063],[69.17582524084378,22.42295843812576],[69.20092196564948,22.401356356668728],[69.16786892724546,22.373251984733862],[69.18093234719886,22.37065613568542],[69.16335660584528,22.348613089663658],[69.15394066325007,22.24873344925959],[69.13378965759964,22.222644625075574],[69.14815927511658,22.19501571884878],[69.19029735728121,22.243641731173415],[69.21281512649266,22.210349084319812],[69.23758762867573,22.222706491126132],[69.23360039314154,22.24991891644202],[69.25281528185137,22.26643643016599],[69.27951398086005,22.269935446641785],[69.28050996770729,22.267655757958238],[69.27994807791414,22.266485985642895],[69.28044894987634,22.264653077115724],[69.27975151025407,22.263009061472914],[69.27958312944568,22.26076932104121],[69.27995281612193,22.25935176090827],[69.28168082251756,22.257758754553635],[69.28261344323509,22.255736454990743],[69.28382855675487,22.25458094022434],[69.29280174222781,22.286793929538714],[69.33605159815956,22.305074287902052],[69.3327258138737,22.327830834137515],[69.42318755909638,22.31601181217447],[69.49028225824532,22.337438784810814],[69.4994816457111,22.366325327013143],[69.54044202362213,22.377206499354774],[69.5976594358181,22.34616050010753],[69.61735198526789,22.345417425156086],[69.62113264030113,22.371827623821176],[69.65536624173606,22.359565459632282],[69.66090519871612,22.396242069199566],[69.70216056243335,22.398692648295924],[69.69614788313845,22.452526589516168],[69.73069096692456,22.4845521170694],[69.73283018691717,22.442829738202136],[69.74603875898772,22.42804629002604],[69.75907617652094,22.44330287263409],[69.7897193888972,22.41377376621353],[69.79758191118819,22.404575556472963],[69.79123782103021,22.383571831117617],[69.79185152271866,22.380172041340188],[69.79653031551653,22.37773875042347],[69.83282270720017,22.44707322978171],[69.87099655928631,22.422967010989815],[69.88779976389435,22.45463538692857],[69.93740635270595,22.463268987593224],[69.93984891198875,22.48278802612693],[69.9792554832675,22.468166275334447],[69.98766159492169,22.51046601970191],[70.0102961107939,22.499923483917055],[70.07312351216464,22.51782590583922],[70.08582957036326,22.494058390599474],[70.11629100357666,22.501035661500215],[70.11811114884388,22.487033771119822],[70.12021143572247,22.486350941556715],[70.12414590046998,22.512616331637172],[70.1847249848564,22.522164999409966],[70.17918217931245,22.567521989066044],[70.26350892659974,22.65345881061488],[70.2786881681214,22.725271910153015],[70.413308611585,22.818390491045278],[70.46232273826662,22.831307174900346],[70.49109290428193,22.889886676613273],[70.53514913901127,22.91205669382917],[70.53965369204228,22.925498277450345],[70.4326600755222,22.967061651628804],[70.54165877138482,22.959577556460715],[70.56170463246833,23.02900039527185],[70.60215755001815,23.03425287356564],[70.59711797894953,23.060939882561016],[70.62932569671578,23.0624680173037],[70.69366919101213,23.120144012900738],[70.76543915162864,23.145381589901454],[70.76761916904884,23.167031806947364],[70.79182557441312,23.165100364208932],[70.78717653711841,23.150690951562417],[70.81607466231551,23.16456928087733],[70.81530540674284,23.136852245848857],[70.83447930805963,23.128410810194588],[70.82855942035651,23.079914765089526],[70.8582185434924,23.129710706207273],[70.82756185215202,23.157421557736647],[70.95922802612336,23.194815091918752],[70.8629195904517,23.192359333484884],[70.87328819738916,23.203994458946706],[70.86019754144098,23.20846812737844],[70.89312665942911,23.224702828297772],[70.83310029359968,23.24989145162972],[70.81224584446485,23.230073642904888],[70.76767891310956,23.246104588050574],[70.72800265312387,23.205857700324717],[70.65080266354961,23.22389509934323],[70.6490233197468,23.192038695861445],[70.57896288041769,23.17770881613779],[70.50124264363068,23.17811905797391],[70.42803121277079,23.2175462734373],[70.42476094624114,23.237254584559278],[70.30192960235276,23.223688577819253],[70.26757417635584,23.178462065333612],[70.2496811690623,23.17789368749076],[70.208766409289,23.16035382616653],[70.2072995031409,23.125617233736506],[70.14929481150514,23.036996129692334],[70.21081553909494,23.07463313853878],[70.22640581701549,22.951821031998158],[70.16439293461264,22.938281572028313],[70.12111883818999,22.962631529477804],[70.13340691097595,22.981111033810496],[70.13378881591079,23.001569170351484],[70.15814293352027,23.032303445451433],[70.14820653611608,23.03481563612556],[70.11809968767322,22.99126987514067],[70.03654577744483,22.95269004967881],[70.01675166166632,22.920242544378695],[69.71316454490487,22.806001902491282],[69.65125401838128,22.79576185667578],[69.64593851741407,22.81000319023359],[69.57561946947773,22.817727376954092],[69.4773447179098,22.795520083453194],[69.45733680206962,22.814278436173062],[69.41683357259352,22.81086761684493],[69.46997805863316,22.776448534773227],[69.4947011363594,22.779867687967542],[69.47175821904979,22.77374750976508],[69.38121784707928,22.818774644072235],[69.19583233419485,22.8380260078663],[68.81295599144735,23.057927646170036],[68.87028131289938,23.027219635849733],[68.81515309123087,23.077031042000268],[68.81179927869806,23.058780467400556],[68.75858853078998,23.080345475296202],[68.74985752167841,23.08801018829117],[68.76356023351624,23.08755479116152],[68.7651384837539,23.07902275575789],[68.7700343162377,23.077341994836377],[68.77848105154726,23.07755044799769],[68.78153682165201,23.083277214499628],[68.77233684359834,23.078309635646125],[68.76010939658944,23.099769724608866],[68.78364487593282,23.120011535996642],[68.74586350716046,23.11001852856302],[68.71224607370678,23.15142888469306],[68.68277603221503,23.152693332386388],[68.65955204861811,23.197699895505355],[68.66917101138576,23.218199274899398],[68.62098655119472,23.2057267767831],[68.7019956844602,23.24005608845002],[68.71473927710782,23.264120833271654],[68.7245202725203,23.25513494081284],[68.69930901392092,23.284192828481586],[68.71351459474485,23.317955857112707],[68.68139915145613,23.311848896013263],[68.66050645651607,23.347454159346672],[68.65233618261315,23.303143385501624],[68.64002581509311,23.323186223736027],[68.65262183136802,23.335554934024355],[68.62037670678919,23.37400516702752],[68.54348824834814,23.420210910557515],[68.53062857853887,23.445201712163165],[68.54626542163733,23.46506133647491],[68.52878044295167,23.44991393389146],[68.48359327007368,23.548707954604684],[68.51064021661125,23.639479002180288],[68.52901931029552,23.635798343010393],[68.52073204208456,23.64958959885147],[68.56795562602869,23.684944843959528],[68.54828935053212,23.69181211478588],[68.55718927220585,23.716632714061983],[68.58723565462981,23.70262505092634],[68.59682106407841,23.724053029108234],[68.61276790766054,23.717951329013932],[68.63215630388012,23.727820207905225],[68.61847946886064,23.73801868865951],[68.64884573399885,23.738901575767496],[68.63528781200546,23.761017321162246],[68.65179035584792,23.794381922358316],[68.68148783737463,23.794956041426943],[68.71124312907855,23.830168530971363],[68.692709982016,23.844416616061146],[68.58083310919488,23.82098697475011],[68.52700274465306,23.745821244181634],[68.42097679785012,23.73320877601375],[68.38723906019418,23.594790909631215],[68.27808122521736,23.559728584635423],[68.18823001057812,23.581805099092552],[68.18537094402427,23.595553227834447],[68.19221000413386,23.58669724697024],[68.20766913651711,23.586156891629397],[68.17786385521707,23.614093000371554],[68.18632053080502,23.64528114437891],[68.20846984265826,23.650670091956698],[68.18257100124372,23.655038639607405],[68.20665938784579,23.668888781602377],[68.18165449355782,23.72163315782755],[68.20263908150918,23.766671861849638],[68.20663000046105,23.871960982328467],[68.27985303082602,23.9308163492061],[68.33291688214312,23.925097221632548],[68.3476846323744,23.974384207852847],[68.75302599072913,23.971310423241594],[68.76470434658299,24.29584370759288],[68.80822979745027,24.313600436948914],[68.83070759529755,24.311861424846608],[68.86482148021473,24.212780055047922],[68.90675031807909,24.279786041013548],[68.9452837838916,24.302492760135554],[68.98474127043536,24.22760970791153],[69.00532841191097,24.223119658696916],[69.09475349044915,24.27449428348229],[69.19375350716439,24.236114447374618],[69.31273964036653,24.281601873675932],[69.49400610708014,24.26778014142676],[69.5944460211529,24.29239846478656],[69.73121404843697,24.17105660523293],[70.02505731492079,24.17128491001089],[70.06681013005063,24.19915917569273],[70.10986838129493,24.294974709993856],[70.36845917893952,24.350768959097543],[70.56114694245993,24.420881687232555],[70.60246854048115,24.408122716745094],[70.56204197156066,24.354456479430073],[70.58453131178517,24.29036247919919],[70.57122975731508,24.251734939701493],[70.71389960451778,24.215652864320948],[70.80545966859978,24.220854108129856],[70.9072577553181,24.25877915139458],[70.87574872051523,24.28023163529698],[70.87866591196429,24.30139654380907],[70.98654247988618,24.364708941907246],[71.04213371031771,24.35125242464811],[71.08188923646219,24.39291160329164],[71.11967495536281,24.40248729830021],[71.12552648574002,24.420078917981762],[71.10306730708997,24.43569636195817],[70.99856518363603,24.444426756806365],[71.00520976704365,24.523020742100396],[70.98735474419243,24.54342054107195],[70.98626123918147,24.595463622461185],[71.0094598013849,24.63542327582568],[71.0963793693006,24.688540948065775],[70.9376277597901,24.938558418810906],[70.8886705770974,25.14817349326257],[70.75158096643474,25.277815449526475],[70.7367953407458,25.332557286309797],[70.66481386113476,25.396882653078826],[70.67845329463412,25.525196238230322],[70.6600742516726,25.702152567242898],[70.60885175503586,25.714973221168993],[70.5301548625842,25.68348035061266],[70.38700215750764,25.67383153688188],[70.26865201398137,25.71360020120758],[70.0997632278985,25.93826304739475],[70.08338721965676,26.083288985043694],[70.1414247160273,26.156215101738105],[70.17504729751163,26.251528463014512],[70.1741763788406,26.5514433702527],[70.05623329344273,26.60056852266057],[69.88676690254114,26.578870098370903],[69.82311901173331,26.589028990141866],[69.71970563845774,26.65469531729568],[69.51030972695149,26.74350376540097],[69.48442566921284,26.80483528918984],[69.51331289007925,27.00998351466062],[69.58641588971406,27.18264659122046],[69.86248468008117,27.40180749867994],[69.9338909090434,27.497830759763076],[70.02589969963186,27.56291993466194],[70.1323961959473,27.80595556294311],[70.37219234913724,28.011832144856513],[70.50582063866624,28.037038001566113],[70.58946000765594,28.010439695980523],[70.67739918298312,27.921846194077332],[70.68437192759322,27.82818580028618],[70.73976792447607,27.741921845971024],[70.75931607291224,27.721265819643026],[70.8718394310662,27.705597885464872],[71.20553536628529,27.835417478710884],[71.38306322643355,27.872630067673004],[71.66643338345202,27.877756409422553],[71.89834425460971,27.961210443086106],[71.92736125854684,28.121740076444247],[72.00429031802994,28.21865661343733],[72.13224352223673,28.31309839432764],[72.2061306831162,28.39426882054276],[72.29923759914585,28.669754062980317],[72.3907026366423,28.770357249902446],[72.7330852695148,28.948087888790415],[72.945840499576,29.027947566812745],[73.00435759044241,29.15295413384827],[73.08442852582844,29.23626562506862],[73.28209722938986,29.572031894776114],[73.39692523430347,29.945997697700037],[73.59700188022335,30.018977276930308],[73.80656041516231,30.068029040353956],[73.97227776612758,30.197853267947504],[73.95653388098935,30.276071123291338],[73.87977595887493,30.359722015249012],[73.97378803523203,30.44382443979627],[73.92625874031998,30.438930277903484],[73.93445389061701,30.49027712917843],[73.96412970130436,30.45647613680981],[73.98199123382085,30.504018453646797],[74.01998903437173,30.51417029663442],[74.01202679291019,30.533592490909196],[74.0310100937781,30.52692693659693],[74.03922041917556,30.542617387243812],[74.07227991878541,30.52290965921652],[74.09094792495418,30.54942151906577],[74.07342036301975,30.55467685125868],[74.1021283799204,30.579231926258462],[74.09603699341807,30.611607235198345],[74.11806563762406,30.60790636398032],[74.12736185051979,30.63479639944105],[74.19332162847788,30.665174318575083],[74.23265785815951,30.724556429892242],[74.28646024302408,30.735695883166795],[74.26017369538036,30.77309505178889],[74.30196721539863,30.779368809586067],[74.32038523462941,30.84662651174915],[74.38208903926693,30.8604339524206],[74.36076587852942,30.873703769423912],[74.36590541531825,30.892932488990077],[74.42271799102055,30.907778716088462],[74.41640488140315,30.940334604730644],[74.54615956199628,30.99241636795173],[74.5682338091524,31.054688965293177],[74.59679977131412,31.037662573935705],[74.69593050003515,31.074159652399874],[74.68910331109151,31.12802073483333],[74.63623178432019,31.11825904806333],[74.60305052834893,31.133600875802127],[74.61066736911715,31.099295957331645],[74.57126867886436,31.08142183138634],[74.55149659644535,31.086385185184852],[74.54835510039487,31.12192735835123],[74.51036333653667,31.131900952092757],[74.53273077962812,31.249690928187402],[74.52060281218648,31.268922218043546],[74.54202661242157,31.303774590251827],[74.52633454401179,31.311972755646796],[74.55165309863754,31.364352107873902],[74.58348208704093,31.379039044824186],[74.60246003217844,31.420509456692304],[74.65461026491235,31.42600820154487],[74.63647893507826,31.48476250888512],[74.60976763508975,31.499870219561412],[74.5872842235731,31.496291013482878],[74.57521291292896,31.501165986156845],[74.61289831764432,31.527340456254997],[74.61560038618794,31.56898312495357],[74.55531664299593,31.6078403922079],[74.5349607493044,31.677598719119707],[74.48659647325043,31.714998933684544],[74.50370384453456,31.740477622134073],[74.55940688236323,31.757879837280335],[74.55790579073921,31.8047697493666],[74.60786214786275,31.890385962709637],[74.63630900451959,31.88422178750398],[74.66670525897808,31.922734470069095],[74.71923899012936,31.92368970019983],[74.7201650373409,31.94142789869671],[74.75559337077411,31.955754205063222],[74.81910005671051,31.958749484204432],[74.82887294159269,31.998616662247784],[74.8799780170084,32.03203976640097],[74.87954987905353,32.05379683818734],[74.92795787771726,32.0664597563188],[75.01236452990402,32.03574542134554],[75.06870131864595,32.06719096559486],[75.10489529354425,32.05856970923768],[75.12290531239697,32.081382064344204],[75.17424345677061,32.06746861448015],[75.19849736027312,32.08267098815361],[75.20245773155803,32.120237380682056],[75.24027979434288,32.0910654627889],[75.32242012596534,32.179498517710385],[75.31638085595891,32.208036949874995],[75.37212624328414,32.22538192567357],[75.38185508485911,32.26895411930095],[75.32049648771635,32.29738997779208],[75.33785148568859,32.31972672406146],[75.32267035712296,32.34352776015121],[75.25812933852545,32.37141240338958],[75.25594392229782,32.38926534164303],[75.19395484778225,32.40046901174483],[75.18976564347014,32.42580586429479],[75.13142076565357,32.4088642550537],[75.10135327701107,32.47769454014635],[75.08553852762894,32.468760272938965],[75.02802275309212,32.49708580117322],[75.01930160159004,32.46616216525504],[74.9512123133825,32.447488244632744],[74.93793505448777,32.47129726207807],[74.89745612453328,32.4684379992669],[74.87728132046277,32.49296900367551],[74.81875336357051,32.49791361046971],[74.7947731805753,32.47640321874868],[74.68791721780177,32.48687437817566],[74.69060917597575,32.53296104174408],[74.66288244365896,32.54452164465973],[74.6738352667336,32.56797635902698],[74.6525398512607,32.562964289447855],[74.6587707526457,32.59684539046168],[74.63904570117718,32.61464222980697],[74.6952686915331,32.66131314480465],[74.65349777417467,32.696685252207715],[74.70477371094205,32.84194785926661],[74.64052170345741,32.81894448260018],[74.65835744930914,32.78765434711072],[74.63229336522839,32.77639725935506],[74.63425835603185,32.74954060367168],[74.56289085168956,32.760119076693776],[74.51159108559025,32.74550111543169],[74.51161885671605,32.76453264665753],[74.45940890506236,32.787742365363485],[74.35504814748047,32.76699844439772],[74.31447969772628,32.796837810744194],[74.30339774533218,32.82984050885727],[74.21964100399488,32.84881799725417],[74.1788037193454,32.88949593893067],[74.06895239903633,32.9095557441726],[74.05816284784957,32.93453760557026],[73.99968100782758,32.93540005827548],[74.00618429031627,32.95490681382771],[73.9646446893038,32.98712369487312],[73.82566292545627,33.00401144207406],[73.82597043622121,32.977239446735815],[73.79043084640419,32.966809252537615],[73.79451094844673,33.00359120718616],[73.74910670455422,33.03362002634753],[73.74283089151952,33.066153763513505],[73.6377385090139,33.08464481216046],[73.6312011234289,33.13951636530662],[73.66448202074314,33.16134611634197],[73.6680089318829,33.201857302824564],[73.64762171374447,33.22282309592242],[73.63354983171776,33.20763605606818],[73.6141718538786,33.29289194485872],[73.58929589376933,33.32353706010798],[73.59802802007889,33.337518733962476],[73.57841981679394,33.32862378119831],[73.58376853191984,33.35567573667982],[73.56515453635173,33.366251322826876],[73.60316012508578,33.41908250913214],[73.58670810495838,33.422805304766065],[73.59606436715917,33.43898349894092],[73.63189207688976,33.4475944723289],[73.60206774370984,33.49668321688654],[73.64177270335303,33.52850685927537],[73.61190324544859,33.60377953866328],[73.56715499790067,33.617735818435555],[73.56745869998029,33.66848606781111],[73.60313598839916,33.715087014481824],[73.59464599355572,33.751232997663784],[73.55992250378655,33.781329071086375],[73.59354571060703,33.88977027059933],[73.51645362676985,33.99882632033693],[73.490933412001,34.13966813027799],[73.49853890292005,34.21121605418372],[73.47283366150826,34.2523021939937],[73.4808359685113,34.28942071500628],[73.4567092816511,34.2764540557094],[73.42994302877047,34.346297677414995],[73.39609684516441,34.371607697994776],[73.42773753169202,34.42603761657881],[73.43080691138648,34.521330589870274],[73.4538387323017,34.57106412028386],[73.53217693297808,34.57098407948889],[73.55613150035963,34.58983646459264],[73.65026361755304,34.56196425249193],[73.65375516460202,34.60052805029602],[73.69500029475964,34.65005273785323],[73.65905374734886,34.673097205393034],[73.72994218105808,34.77222199272995],[73.77230683471313,34.79610808559371],[73.82177601495013,34.79209879256099],[73.83771233968638,34.81315560185807],[73.91937364142433,34.811647824696],[73.96099754378679,34.83855928193292],[73.96743558823702,34.863826206474755],[74.02991569962653,34.87628112842554],[74.03720021091037,34.919227871430216],[74.07117044847148,34.935481569668205],[74.05932483511707,34.99267553202214],[74.10974695698536,35.01607467878737],[74.07116689736166,35.05849048618407],[74.10143039160393,35.09914150832093],[74.13367186643981,35.11004802343399],[74.10586095009793,35.125722497762645],[74.11227211696617,35.14852713349626],[74.03381399014178,35.146862275394454],[74.00282805906394,35.183647823768474],[73.95684471119618,35.16804498404287],[73.92454905511718,35.203897024907555],[73.86118917004225,35.207144144816276],[73.80832785427829,35.23949640587754],[73.73352517857398,35.20852923016893],[73.70798409678125,35.222483589441865],[73.72497501591351,35.273048513376814],[73.69484255499293,35.318405774279356],[73.69543898998955,35.369070274662874],[73.7270230948012,35.41898866923238],[73.7920385809283,35.45421966514868],[73.77850494301593,35.52289425863066],[73.62838840451502,35.569045233106046],[73.56159722271661,35.546388670646344],[73.4773608056838,35.571901673248775],[73.39812355026356,35.55708280294217],[73.36348210006436,35.59722367077875],[73.26867792421199,35.62438607466387],[73.13291516498802,35.71077731410987],[73.12650045357903,35.77622682939989],[73.1486640722499,35.831183366663545],[73.08388280952663,35.87746264552783],[73.02882438082679,35.847058073728334],[72.98707777434,35.859810612648786],[72.91844227966982,35.83905731457334],[72.89244750217223,35.84454085967997],[72.89112688130389,35.8737373951567],[72.83931703257377,35.867128353482464],[72.81915767277704,35.881720315557196],[72.78428867157486,35.841454370262184],[72.76143859711046,35.83230394788602],[72.72657914344697,35.85305195243332],[72.68438379242461,35.82252516019242],[72.62813964821547,35.85785793195723],[72.58510091898125,35.859372608950785],[72.55823539249407,35.897664742684206],[72.51847361744166,35.90548266954138],[72.51276254451186,35.936429948734954],[72.53488634937413,35.95063852403985],[72.53932479769844,35.9862244304525],[72.58352529663152,36.017073964960616],[72.56875932378773,36.04462277619039],[72.51668047148199,36.06733485634096],[72.52761512305746,36.11022323459882],[72.56170494997332,36.139890004078204],[72.53577643214905,36.175520293567665],[72.58071676516278,36.25262308473532],[72.61886809048943,36.269279636262695],[72.68483394089199,36.24388259667907],[72.6805605011091,36.27103386370023],[72.75917766219797,36.298578631073056],[72.81608189899255,36.35643561530073],[72.85366629353224,36.36634879521647],[72.87554436013926,36.39456073751136],[72.85966942977754,36.43556049525023],[72.90814949500563,36.460922109899876],[72.9793589796754,36.457319995203044],[72.97791320784376,36.511525012218875],[73.05194534829769,36.53296636709232],[73.09716682702542,36.60599429130779],[73.07410571151847,36.62878386682929],[73.0676456532567,36.70062256271169],[73.11644082005387,36.684195427828435],[73.17067141294149,36.72403081921217],[73.20139620751115,36.695529223336386],[73.23801431080757,36.711520654961014],[73.29411981942596,36.70422666297937],[73.34783175615833,36.716399609165364],[73.35157584695027,36.73500408432184],[73.42144221228962,36.742983287174205],[73.49763291916162,36.713135596025396],[73.57930167434063,36.72238069841331],[73.5927136612032,36.692843829067606],[73.68311052586114,36.68656780960117],[73.70985361271534,36.71233334749391],[73.77478392803617,36.702089623188414],[73.79555117018378,36.718841696168205],[73.87177612299574,36.70140052871767],[73.88529327529234,36.72989687581353],[73.86798889062072,36.76631694209064],[73.83698687316488,36.79513383734184],[73.80151307063001,36.794215121427484],[73.79757326802647,36.818197917851506],[73.705509598582,36.837811561228335],[73.70618722410377,36.85795328479593],[73.66700745523815,36.88088069587854],[73.6710933052826,36.91169833616333],[73.91490226436605,36.88298262322395],[73.96149925408766,36.83926671939755],[74.04652144827176,36.81082176010729],[74.08551677989843,36.84150731913888],[74.13345904913862,36.847903451058045],[74.1557502586249,36.91050768035197],[74.24897082292055,36.893605664108776],[74.41986969474736,36.994502339114106],[74.5203107137271,36.99583201134735],[74.56410133942394,36.95789724941937],[74.58041834827746,37.02101185159488],[74.56812173497065,37.05176000870548],[74.58166883991792,37.05757460321963],[74.70574222059128,37.08781679596833]]],[[[92.52290259083756,10.898772747873512],[92.52953987933708,10.867083252320958],[92.54222782202291,10.85915840767861],[92.53377218952963,10.889966167582001],[92.56197298875169,10.863633738163895],[92.5674298428266,10.81026821018239],[92.54830895987853,10.809482069885334],[92.58670441491682,10.789880150246125],[92.59937965698457,10.705774901466896],[92.59741660739327,10.677787503400788],[92.58026285379016,10.680805344002591],[92.58235021217263,10.658030619173884],[92.53884351142693,10.617521267053402],[92.56989193090926,10.578790666135482],[92.51326433803605,10.510839200233638],[92.43505162003214,10.548907648809498],[92.38764993311688,10.53153213173381],[92.41911758275913,10.615793508312848],[92.38136228975497,10.67028016411515],[92.37307326750766,10.782743272490878],[92.39503174367908,10.785591560438197],[92.3924028361757,10.775208452398969],[92.3952057144628,10.748951376864287],[92.39875730152842,10.743942549887848],[92.41932533457162,10.772576251362965],[92.39686911556889,10.763139170919786],[92.41059847824553,10.77829067899523],[92.3956578711653,10.774851260777556],[92.39563070538574,10.786310253777497],[92.45728548376552,10.841744539344095],[92.45450604694828,10.866864321148176],[92.4965343596742,10.897052516430541],[92.51103535513835,10.871814209927692],[92.50241863613789,10.87380429559678],[92.49144906091222,10.871474030879748],[92.49013733177941,10.859965854901557],[92.48613666943706,10.862154930529357],[92.47681673750823,10.861809665374818],[92.49060825183071,10.859635724159968],[92.49585732223485,10.870708685412922],[92.50034227720874,10.86315370523807],[92.503840897968,10.86253580127048],[92.50636937832172,10.863662382770936],[92.50798396517773,10.862822271378274],[92.49798378628542,10.871189767565603],[92.51045067806669,10.86986127090795],[92.51788390080222,10.877408298000669],[92.50296219930901,10.897716775502172],[92.52290259083756,10.898772747873512]]],[[[92.59747538721788,10.942052141409285],[92.59732416735733,10.944922454330031],[92.59898488261807,10.941514301207082],[92.59747538721788,10.942052141409285]]],[[[92.60055306293383,10.95093017124107],[92.59977081183555,10.951490587328761],[92.60076345870556,10.951554018974278],[92.60055306293383,10.95093017124107]]],[[[92.20998166744208,10.981806745808015],[92.22071260653868,10.97435818250676],[92.21089470256337,10.97481319015116],[92.20998166744208,10.981806745808015]]],[[[92.56214558600551,11.398261427870139],[92.5558019185829,11.389987670904537],[92.55152201984876,11.392563278269137],[92.56214558600551,11.398261427870139]]],[[[92.55084770735147,11.395876604836783],[92.54044252325085,11.396741716930812],[92.5499581928121,11.398642918653271],[92.55084770735147,11.395876604836783]]],[[[92.56051151078158,11.514091449496922],[92.56088275049578,11.514358248406094],[92.56075905146648,11.513824770103001],[92.56051151078158,11.514091449496922]]],[[[92.25540153260741,11.51505829708644],[92.2583216124175,11.514187046743041],[92.25472351183281,11.514131283640765],[92.25540153260741,11.51505829708644]]],[[[92.24029094726461,11.516246552836213],[92.23915388887339,11.515446897267516],[92.23890653360903,11.515740870016897],[92.24029094726461,11.516246552836213]]],[[[92.23981006953791,11.517146336903519],[92.23956279280854,11.517752111021759],[92.23995685212901,11.517358687312058],[92.23981006953791,11.517146336903519]]],[[[92.27028258177509,11.520072542889544],[92.26968836517588,11.515606155848289],[92.26652527789646,11.516595010440009],[92.27028258177509,11.520072542889544]]],[[[92.5963718033438,11.530099256129702],[92.60736888728438,11.521032213211049],[92.60591141269288,11.518776423263393],[92.5963718033438,11.530099256129702]]],[[[92.55122142387526,11.528852884751196],[92.56849296674883,11.529706511907065],[92.56543832540697,11.516632912577093],[92.55122142387526,11.528852884751196]]],[[[92.58809790702234,11.530161624714491],[92.5866126809661,11.53084401632642],[92.5882491642436,11.530450958993242],[92.58809790702234,11.530161624714491]]],[[[92.59321782984364,11.53213759960488],[92.59160918437377,11.529890844253446],[92.58950513412205,11.53077205985446],[92.59321782984364,11.53213759960488]]],[[[92.20704160739295,11.532228408676463],[92.20690901530484,11.533272680139245],[92.2078667465473,11.532445156237227],[92.20704160739295,11.532228408676463]]],[[[92.20581833270207,11.534158977938482],[92.20530484232572,11.53385626532772],[92.20501158015885,11.534380673354255],[92.20581833270207,11.534158977938482]]],[[[92.20738645025777,11.535641227745412],[92.20673554502467,11.535713783937421],[92.2071206096444,11.53590346950333],[92.20738645025777,11.535641227745412]]],[[[92.58211462930373,11.53956325481391],[92.58517210343862,11.54033660374221],[92.58273425685671,11.534310620723067],[92.58211462930373,11.53956325481391]]],[[[92.55516527339022,11.54040342640273],[92.55491796399839,11.539282296113624],[92.55456955364359,11.539526295699288],[92.55516527339022,11.54040342640273]]],[[[92.54080428359437,11.553694052008186],[92.54153253750532,11.555796256614832],[92.54368763164626,11.553893757582836],[92.54080428359437,11.553694052008186]]],[[[92.59148449833955,11.57799661251593],[92.59501459766729,11.533353833270592],[92.58778594687904,11.532602556731135],[92.59148449833955,11.57799661251593]]],[[[92.53990891047222,11.5584717978923],[92.54128016683673,11.556460637934212],[92.53938295904054,11.554303855636613],[92.53840170149446,11.55511276555859],[92.53990891047222,11.5584717978923]]],[[[92.20283076724773,11.587441424985593],[92.26930961395533,11.58521073096424],[92.26012172115674,11.517247979892725],[92.2103507512859,11.53081262235586],[92.20283076724773,11.587441424985593]]],[[[92.56238129473925,11.557573390550694],[92.56208326465237,11.55766825781307],[92.56220699925643,11.5577180028462],[92.56238129473925,11.557573390550694]]],[[[92.56710714744065,11.55996568678945],[92.56666263716848,11.559233229217112],[92.56669005881051,11.5597711730297],[92.56710714744065,11.55996568678945]]],[[[92.56997695262513,11.559844162914787],[92.5703483654684,11.559500701654597],[92.57005497459565,11.559500628496194],[92.56997695262513,11.559844162914787]]],[[[92.56310054966471,11.559793097779448],[92.56272921720259,11.559842728924036],[92.56329757448457,11.560132161167006],[92.56310054966471,11.559793097779448]]],[[[92.57354359365956,11.559844818941476],[92.57430910670634,11.560161378135993],[92.57354369185788,11.559234567503047],[92.57354359365956,11.559844818941476]]],[[[92.598463610735,11.560794494057506],[92.59887860054867,11.560201651768846],[92.59862170175776,11.560023798975696],[92.598463610735,11.560794494057506]]],[[[92.57442793606776,11.56230855501089],[92.5727171558569,11.566747266969887],[92.57636105169786,11.571055752098285],[92.57442793606776,11.56230855501089]]],[[[92.56358006474171,11.568119644464211],[92.56692171229142,11.570104805711274],[92.56485473790805,11.567107342138579],[92.56358006474171,11.568119644464211]]],[[[92.53019096273822,11.570022882520535],[92.52891623678008,11.570768338035494],[92.53008979959485,11.571012877540905],[92.53019096273822,11.570022882520535]]],[[[92.26835204856842,11.571183656570101],[92.26871352107551,11.573077897380507],[92.26914453669376,11.572915307544378],[92.26835204856842,11.571183656570101]]],[[[92.56876411779253,11.573038889035223],[92.56975447895607,11.572623188621584],[92.56881469057515,11.572595927361215],[92.56876411779253,11.573038889035223]]],[[[92.19694611581848,11.57823049053179],[92.19662951984539,11.577299375871249],[92.19652895295854,11.578280334974295],[92.19694611581848,11.57823049053179]]],[[[92.57015221877336,11.578355136921589],[92.56945996228698,11.578088231723008],[92.56948280641444,11.578504172878194],[92.57015221877336,11.578355136921589]]],[[[92.52836410959381,11.576459339343211],[92.52607975548865,11.580120072271152],[92.52980798908008,11.577418113989138],[92.52836410959381,11.576459339343211]]],[[[92.19865059979003,11.57990670006979],[92.19803860016765,11.579022699863366],[92.19783459963114,11.579906700200812],[92.19865059979003,11.57990670006979]]],[[[92.56822189370483,11.579430602220667],[92.56898753172868,11.579575351849693],[92.56898755477914,11.579381008798038],[92.56822189370483,11.579430602220667]]],[[[92.54280149711443,11.60629806515108],[92.54393832370043,11.59141283684173],[92.57157628865282,11.587789350925522],[92.5541111286163,11.55797380610538],[92.54010026415395,11.562268971317453],[92.52682697645155,11.553698721268894],[92.54280149711443,11.60629806515108]]],[[[92.19617195617343,11.580866044923091],[92.19655774334386,11.58326174805002],[92.19671746457698,11.580676032377703],[92.19617195617343,11.580866044923091]]],[[[92.578463353552,11.582962774372945],[92.57624845109575,11.586266809104929],[92.57741731695427,11.587636698122292],[92.578463353552,11.582962774372945]]],[[[92.197952377674,11.586891248724779],[92.19718691107815,11.58743838667453],[92.19914016808293,11.588156646749564],[92.197952377674,11.586891248724779]]],[[[92.59974969841103,11.587228041819253],[92.59933713391877,11.586581587622641],[92.59907568941945,11.587571573282158],[92.59974969841103,11.587228041819253]]],[[[92.26427861072045,11.5891551811201],[92.26477347734951,11.589874088760636],[92.26609887536156,11.58883037050397],[92.26427861072045,11.5891551811201]]],[[[92.20041086777074,11.59084588311396],[92.20104293733472,11.588377670272882],[92.19881949642708,11.589133108396483],[92.20041086777074,11.59084588311396]]],[[[92.59431660192891,11.5889453291164],[92.59354623192083,11.590332957788924],[92.59452746821363,11.589139696886823],[92.59431660192891,11.5889453291164]]],[[[92.22236823864694,11.59262480671195],[92.22176365439614,11.594437722511259],[92.22280860262178,11.593379533531738],[92.22236823864694,11.59262480671195]]],[[[92.5512869584696,11.594438944836213],[92.5525889560423,11.59474662951101],[92.55244255741707,11.593828950658018],[92.5512869584696,11.594438944836213]]],[[[92.2284532698079,11.59528063375218],[92.22877374611872,11.593974159184318],[92.22802645654961,11.59406033311572],[92.2284532698079,11.59528063375218]]],[[[92.58676443219633,11.700059066943325],[92.58655786397864,11.701306662281787],[92.58697065200866,11.70133384546589],[92.58676443219633,11.700059066943325]]],[[[92.58584986374544,11.703997357523988],[92.58644144132839,11.70480315554439],[92.58606562244962,11.703890338027515],[92.58584986374544,11.703997357523988]]],[[[92.58490618228564,11.704755491847173],[92.58532819564388,11.704321569179204],[92.58491551126264,11.703914654082192],[92.58490618228564,11.704755491847173]]],[[[92.58265659678219,11.708002957496076],[92.58301592501532,11.708172581988533],[92.5829059136395,11.70767530846262],[92.58265659678219,11.708002957496076]]],[[[92.583953230879,11.708380530887439],[92.58429489882701,11.708207855004336],[92.58419570510291,11.708045972511808],[92.583953230879,11.708380530887439]]],[[[92.60282713366094,11.933908681009452],[92.60480099454416,11.93530556479267],[92.60330947567242,11.928972661198081],[92.60282713366094,11.933908681009452]]],[[[92.5863415474284,11.97528984834413],[92.60189277865278,11.96414462753266],[92.60814257054606,11.940065622055432],[92.60154158356445,11.936177798735487],[92.59747085697839,11.924967175584907],[92.5863415474284,11.97528984834413]]],[[[92.58302559198343,11.982494703691225],[92.57981256068081,11.977259784674992],[92.58133133479622,11.982743035965393],[92.58302559198343,11.982494703691225]]],[[[92.60042214052268,11.982252544098127],[92.59989869757186,11.981981315635252],[92.60014205311437,11.982519281130642],[92.60042214052268,11.982252544098127]]],[[[87.07350912830391,20.727459023962336],[87.06955476257828,20.73346955967622],[87.0778876648783,20.743929581807006],[87.07350912830391,20.727459023962336]]],[[[87.09831684815393,20.748134366607196],[87.09705815074493,20.747633588632173],[87.09682799778844,20.74824364203656],[87.09831684815393,20.748134366607196]]],[[[87.09940835885843,20.75002676074586],[87.1020168451776,20.750684852959584],[87.09982540721782,20.748784082255867],[87.09940835885843,20.75002676074586]]],[[[87.08502184067149,20.764622932775367],[87.09348324747694,20.752998377734055],[87.07250404843744,20.754775025849792],[87.08502184067149,20.764622932775367]]],[[[87.07556615080244,20.769420891089403],[87.07407142747357,20.787502331819063],[87.06926530959527,20.793861068676616],[87.07475437346888,20.789020060569836],[87.07556615080244,20.769420891089403]]],[[[88.01868051422409,21.55556045153114],[88.00957274379046,21.554176925813085],[88.01659447440309,21.562969417020806],[88.01868051422409,21.55556045153114]]],[[[88.49623898007006,21.599253021982502],[88.53734491181973,21.577602768239732],[88.54783387626522,21.536668368519237],[88.53448959297376,21.52721910034736],[88.48477479375401,21.552197889085463],[88.49623898007006,21.599253021982502]]],[[[88.8415060630128,21.603793652476227],[88.89188923666879,21.58119815746462],[88.90598794579591,21.547560220291192],[88.87609487227984,21.534403926680522],[88.83117917924353,21.55116919565008],[88.8415060630128,21.603793652476227]]],[[[88.16663208882385,21.602762009619052],[88.20440180156022,21.547024455791533],[88.19746266823891,21.54116157410729],[88.17567302075193,21.549857760364464],[88.16394300146275,21.586104106978794],[88.16663208882385,21.602762009619052]]],[[[87.43030643803772,21.586573161113684],[87.41656085461973,21.56999970742666],[87.41371485954461,21.560165114920142],[87.4189965121721,21.578723528807537],[87.43030643803772,21.586573161113684]]],[[[89.15079168824815,21.600510026042812],[89.13686537705902,21.59408106109189],[89.13576482612903,21.600588321312625],[89.15079168824815,21.600510026042812]]],[[[88.5433507577723,21.636599231622064],[88.58697766203369,21.605935663489415],[88.55592625508362,21.560348115198284],[88.51173692253278,21.60300160655261],[88.52240246484779,21.65845694310468],[88.5433507577723,21.636599231622064]]],[[[88.77466308460907,21.649288922008495],[88.80004792684494,21.591239484421962],[88.77611394820003,21.56983575384043],[88.71544381176567,21.57246386150009],[88.71750215464947,21.644005763632148],[88.68442609347727,21.684306527459466],[88.69251088648808,21.720156182256716],[88.70777969768042,21.681373383577217],[88.74378834667692,21.652121881680046],[88.77466308460907,21.649288922008495]]],[[[88.35025317775093,21.680464801611755],[88.3443047203484,21.627601854233795],[88.3091014611367,21.608002160625563],[88.30661085138834,21.705634832336518],[88.35025317775093,21.680464801611755]]],[[[88.20535022777412,21.67188231838194],[88.22596427754928,21.66978182475072],[88.23100212865016,21.644993145443966],[88.21105469448328,21.62053414406244],[88.21283872482724,21.598386557605224],[88.18016142916277,21.68518376001195],[88.20353572300309,21.725842148699744],[88.21357260878605,21.700129207242266],[88.19387146853963,21.68763464626256],[88.20535022777412,21.67188231838194]]],[[[88.64120822581694,21.67963145944896],[88.63092153072512,21.64967049611033],[88.63087873063334,21.673287559914876],[88.64120822581694,21.67963145944896]]],[[[88.40164577783203,21.73727550769758],[88.42812422413434,21.702277540671435],[88.41332607320174,21.692929504441622],[88.41105122691798,21.655829093091167],[88.43194904933104,21.620447465615303],[88.39694182199717,21.589933613867196],[88.38093809978552,21.662890622843392],[88.40423731028999,21.716629486019315],[88.36876110438189,21.726976926270947],[88.38911791135962,21.735750568539647],[88.39582885850807,21.75463762902232],[88.40164577783203,21.73727550769758]]],[[[88.04282930645176,21.692346064435508],[88.04451172572743,21.699066291366137],[88.04542962542494,21.69939638283249],[88.04282930645176,21.692346064435508]]],[[[88.05210569093983,21.70267786173639],[88.05133115660081,21.696229130631842],[88.04941380459638,21.694489713826854],[88.05210569093983,21.70267786173639]]],[[[88.04364113520005,21.700592071702996],[88.04244834683749,21.70774431700614],[88.042766511315,21.70896820115559],[88.04364113520005,21.700592071702996]]],[[[88.05345851865644,21.70309837508594],[88.05371071659334,21.71087900465453],[88.05574963669184,21.71139468412468],[88.05345851865644,21.70309837508594]]],[[[88.38341676386948,21.777690870418013],[88.4299913848547,21.799271578129623],[88.45557424551446,21.789128350399146],[88.47143996703659,21.792466109609656],[88.45279555700813,21.71841154708874],[88.47150629388277,21.673876961611146],[88.45016090222377,21.611770274251175],[88.43399496427422,21.60371153120402],[88.44113065591185,21.622828423890912],[88.41914062425838,21.682925880139464],[88.43248841827837,21.70438039284815],[88.38341676386948,21.777690870418013]]],[[[88.602891976504,21.686759756329685],[88.60267086170373,21.61254009008202],[88.5285520628195,21.657063436398477],[88.50628552446463,21.75835875688614],[88.54226792931343,21.81144300698751],[88.573271222017,21.788492489697084],[88.56160439621978,21.762121983809333],[88.5735519585398,21.72265998766046],[88.602891976504,21.686759756329685]]],[[[88.39011080484002,21.758544171692655],[88.36327588655982,21.72590641264673],[88.39413677773548,21.712404184262816],[88.35706616309366,21.686461452115513],[88.33843884765564,21.71158335274909],[88.34853150482525,21.722540365127145],[88.34431940815647,21.75641470529854],[88.39011080484002,21.758544171692655]]],[[[88.20382832096651,21.733166954995664],[88.1944961045078,21.730752763505564],[88.20648312224738,21.759760945512983],[88.20382832096651,21.733166954995664]]],[[[88.62568458623271,21.77119940385542],[88.62987520247309,21.736141150596847],[88.61091806845043,21.70477465990774],[88.59705723839372,21.715678034213262],[88.62027685047119,21.728039985727843],[88.62172635984038,21.740047132555375],[88.58738584246123,21.757209834919866],[88.58882615737124,21.776593478243676],[88.62568458623271,21.77119940385542]]],[[[88.29800493076017,21.767629564814648],[88.29189316001478,21.712062783733582],[88.28911279579532,21.778751627439156],[88.29800493076017,21.767629564814648]]],[[[88.61948380717925,21.73783433746591],[88.57879616730926,21.72752739162233],[88.56878485079805,21.769703621319255],[88.58222693801808,21.776408928853407],[88.58726119630187,21.75330374631744],[88.61948380717925,21.73783433746591]]],[[[88.13583708741571,21.87533427852567],[88.17100246487847,21.809315116825676],[88.17125190345112,21.74009635073813],[88.1532419810725,21.681956512335304],[88.13419491397855,21.67847916125782],[88.14507628541816,21.63897728100035],[88.11868139022602,21.625403889882467],[88.05729184222186,21.639388292939692],[88.04138478748742,21.67570508529763],[88.05100700729595,21.687617554243925],[88.05692954686651,21.709715376245875],[88.05521334144376,21.720945065958595],[88.07649069049549,21.751757330596078],[88.1015781232234,21.832104897240423],[88.13583708741571,21.87533427852567]]],[[[89.02951180073175,21.854053971974725],[89.01945950235961,21.766152010435103],[89.0559238026614,21.732524123211775],[89.09419893411294,21.64133926322653],[89.05049499719307,21.61556664094858],[89.02407012821422,21.658217231039508],[89.03553575989747,21.61541180661941],[88.99797549418405,21.603225687737375],[88.99726803810438,21.62197108682338],[88.96828797574202,21.61983349774527],[88.93872306618319,21.64614239357232],[88.95130953471401,21.693853910486826],[88.92126242236776,21.721520800472124],[88.93170871536395,21.74442572590837],[88.92084010246212,21.762386559199935],[88.91467307567662,21.716179027690345],[88.94013249272406,21.68904163511078],[88.92296700568296,21.632307655769647],[88.88413263358936,21.661173726420536],[88.87722031637787,21.766613411452752],[88.83505651075359,21.782792208786365],[88.85315497576453,21.888889718938326],[88.81900516253182,21.92926040130945],[88.85969140647664,21.91271324288976],[88.90258654995056,21.92102554705531],[88.91182028163146,21.93088233825277],[89.02951180073175,21.854053971974725]]],[[[88.19801883301004,21.769505074057264],[88.1926475504106,21.758191086552596],[88.1926091022463,21.779712608766996],[88.19801883301004,21.769505074057264]]],[[[88.17666364313997,21.791336894124697],[88.1856129950202,21.79062947256908],[88.18120085978369,21.7836995734508],[88.17666364313997,21.791336894124697]]],[[[88.48752452093227,21.834234388178306],[88.50001844778431,21.811822975184224],[88.48545679491019,21.798860573791114],[88.45323113920456,21.81078627972724],[88.48752452093227,21.834234388178306]]],[[[88.19520954238007,21.8394801108266],[88.16727025191315,21.863864503939745],[88.16636244099928,21.86973944945533],[88.19520954238007,21.8394801108266]]],[[[88.57327862710702,21.87962386317565],[88.57382448443362,21.855587667112957],[88.55668542427247,21.827692985705223],[88.55997268670392,21.851509574150025],[88.55405438802862,21.875674394707023],[88.57327862710702,21.87962386317565]]],[[[88.67009175062522,21.914218069747903],[88.64456489306063,21.787937833906113],[88.58630997951448,21.801521337238434],[88.58020668234404,21.834727531874993],[88.6366404843616,21.92177531682956],[88.67009175062522,21.914218069747903]]],[[[88.56916137914462,21.900195466550503],[88.57615122001887,21.883061151812626],[88.55758835106222,21.880963642901563],[88.5522267685253,21.873587374766274],[88.55148251479226,21.816704188416466],[88.53097333314756,21.846026902840116],[88.54348114404743,21.85495646072283],[88.55046760081,21.879380097141212],[88.54108822778421,21.90115399312748],[88.56916137914462,21.900195466550503]]],[[[88.08220973744797,21.842352768907894],[88.0723574689524,21.858383467786663],[88.08121148690739,21.879849265151822],[88.09672051081726,21.86126960984077],[88.08220973744797,21.842352768907894]]],[[[88.17414900201003,21.863478785632907],[88.16482636691154,21.87836912405728],[88.16528131186631,21.879163730564642],[88.17414900201003,21.863478785632907]]],[[[88.10079141440258,21.86902450973554],[88.0838717035963,21.909696783756385],[88.08561954888323,21.91437159611243],[88.11978998106694,21.890979666461085],[88.10079141440258,21.86902450973554]]],[[[88.48219601517084,21.900881740650654],[88.49365962621249,21.90575780288958],[88.48560427125831,21.897153279193923],[88.48219601517084,21.900881740650654]]],[[[88.1263399989734,21.947451029322163],[88.14545223564119,21.924710012324503],[88.12671759241341,21.933896601705868],[88.11894437442756,21.928352552386126],[88.11693441465128,21.923982520468492],[88.14501503531378,21.917337249712272],[88.1300128786855,21.899131490793195],[88.08985743198096,21.92654890445844],[88.1263399989734,21.947451029322163]]],[[[88.58358493969753,21.955461006361826],[88.61003280518682,21.92247081826094],[88.58257364466438,21.891439317684778],[88.55009633590618,21.922381553016084],[88.54348294410678,21.968554208561503],[88.58358493969753,21.955461006361826]]],[[[88.60710017764151,22.000046738124283],[88.61503075813324,21.937508018558535],[88.61077730439291,21.929370611718365],[88.59196975252645,21.95154807982928],[88.57648690605203,21.96064283765107],[88.60710017764151,22.000046738124283]]],[[[88.13942774788033,22.01614842734671],[88.12523255893754,21.99598434702804],[88.08540752317481,22.006918458916864],[88.12233272414319,22.02061286020706],[88.13942774788033,22.01614842734671]]],[[[92.62269335663431,10.925803030204312],[92.62231372108647,10.923443469026148],[92.62074483343041,10.925093390506236],[92.62269335663431,10.925803030204312]]],[[[92.60847654578464,10.939612032482632],[92.6114732619877,10.92641753268017],[92.60200894063861,10.936284677261526],[92.60847654578464,10.939612032482632]]],[[[92.60618937606053,10.940619832800273],[92.6046663018695,10.939331469192828],[92.60107083481918,10.941121274260293],[92.60618937606053,10.940619832800273]]],[[[92.6083895491214,10.942093642410091],[92.60760727696268,10.94255911960131],[92.60842605089557,10.942523000284359],[92.6083895491214,10.942093642410091]]],[[[92.60591024601584,10.943182858892188],[92.60607034886975,10.942323990727695],[92.6058004205791,10.942839322751666],[92.60591024601584,10.943182858892188]]],[[[92.605260549047,10.944846266725172],[92.60342614067261,10.946355929632496],[92.60562193011175,10.945144638496084],[92.605260549047,10.944846266725172]]],[[[92.66813986641078,10.98473062959081],[92.65782858919285,10.990210462930579],[92.666539737829,10.992686490756679],[92.66813986641078,10.98473062959081]]],[[[92.72421921197844,11.14831034736586],[92.73036936936073,11.141789730137788],[92.72132386101195,11.141706859425222],[92.72421921197844,11.14831034736586]]],[[[92.67588087265999,11.189296330574718],[92.67586042432086,11.176788152413124],[92.67393982483598,11.190232419684984],[92.67588087265999,11.189296330574718]]],[[[92.67257170384605,11.195322738534479],[92.67199018490278,11.194965686867604],[92.67208184356367,11.195481009351756],[92.67257170384605,11.195322738534479]]],[[[92.70470673376738,11.290236435432302],[92.70393873757654,11.262282139935365],[92.6862347551343,11.241799745233351],[92.70470673376738,11.290236435432302]]],[[[92.72102631119813,11.333474261006513],[92.70770500569151,11.29948001674769],[92.69550614478325,11.309844114840793],[92.72102631119813,11.333474261006513]]],[[[92.63749604554057,11.51310613206116],[92.67425748473885,11.490403033502288],[92.6844979645731,11.433331003915129],[92.66099731572437,11.411930740719114],[92.63613602682089,11.416819418050526],[92.63371628946109,11.403719303654746],[92.67479587678703,11.399768750051658],[92.69066119032735,11.374528053683253],[92.66374286566563,11.352785118770926],[92.59765386931583,11.34502499767197],[92.57960184166474,11.3674396349344],[92.5857317026717,11.39999209367855],[92.62178989403348,11.404451730331417],[92.61066209469799,11.472307383133487],[92.63749604554057,11.51310613206116]]],[[[92.61510650719762,11.510269480445531],[92.60306151612997,11.503492841045302],[92.61502857044711,11.511074158508725],[92.61510650719762,11.510269480445531]]],[[[92.6432357844276,11.514319280892517],[92.64462457062432,11.51424682370198],[92.64322648711769,11.5134016226757],[92.6432357844276,11.514319280892517]]],[[[92.61625646811207,11.528405301479323],[92.61580722184796,11.527722738281815],[92.61526636748918,11.528454998831318],[92.61625646811207,11.528405301479323]]],[[[92.61496371706747,11.532044232458693],[92.61590338914348,11.531456563649222],[92.61476658498891,11.531750329099683],[92.61496371706747,11.532044232458693]]],[[[92.63080096448408,11.53302972551084],[92.63045261818408,11.533418424854712],[92.63068640237111,11.533608274277348],[92.63080096448408,11.53302972551084]]],[[[92.62576792349982,11.543675264658068],[92.6285367312691,11.547833946474547],[92.62717063410462,11.542197100646144],[92.62576792349982,11.543675264658068]]],[[[92.61109816270759,11.561141730881479],[92.61935928124005,11.552205162978932],[92.61638463221021,11.535999564893993],[92.60964186866929,11.531406620425123],[92.60130195699446,11.554676998552607],[92.60842129743726,11.553746264977478],[92.61109816270759,11.561141730881479]]],[[[92.63085192373832,11.556336792634559],[92.63183760441231,11.557358332259453],[92.6310983426644,11.556066796194711],[92.63085192373832,11.556336792634559]]],[[[92.60731633532392,11.556526272076688],[92.60710974807118,11.562682966990014],[92.6086412889189,11.556209913697042],[92.60731633532392,11.556526272076688]]],[[[92.60114821120295,11.585921748084468],[92.61395410589162,11.563044948365777],[92.59921945971776,11.569056123148641],[92.60114821120295,11.585921748084468]]],[[[92.68912068595164,11.608616645360012],[92.69069414927746,11.611685622923448],[92.68997343283016,11.608182479272015],[92.68912068595164,11.608616645360012]]],[[[92.68618660501349,11.630907154185435],[92.68715399866275,11.630396162582759],[92.68620925012667,11.629691190118967],[92.68618660501349,11.630907154185435]]],[[[92.75469282943372,11.636355941826011],[92.75480252010574,11.637228465123336],[92.75529801220162,11.636699748661071],[92.75469282943372,11.636355941826011]]],[[[92.68869594383393,11.63541335463968],[92.68569335737914,11.639875591342943],[92.68644199051971,11.64050357258243],[92.68869594383393,11.63541335463968]]],[[[92.75461435981731,11.637648739446538],[92.75305975984311,11.637819871699183],[92.75426546274153,11.63849392263274],[92.75461435981731,11.637648739446538]]],[[[92.68040870013887,11.648504800129754],[92.68010820006093,11.648227500370401],[92.68004449992073,11.648326399756375],[92.68040870013887,11.648504800129754]]],[[[92.69685642543217,11.664020653325723],[92.69987275348588,11.659237370743998],[92.69220999968253,11.660690337541483],[92.69685642543217,11.664020653325723]]],[[[92.7328838997462,11.681821800241247],[92.73274739972196,11.681923499649423],[92.73290719992607,11.681943800022768],[92.7328838997462,11.681821800241247]]],[[[92.73322670017433,11.682481000305337],[92.73319190015219,11.682626099851976],[92.73328479990046,11.682504199649337],[92.73322670017433,11.682481000305337]]],[[[92.72501864019395,11.688010615827045],[92.72157396826557,11.6872162606207],[92.72128556727888,11.688604064904279],[92.72501864019395,11.688010615827045]]],[[[92.68767109361374,12.234992437653014],[92.70369710286869,12.192643444847654],[92.71185674296704,12.189698324624203],[92.70359555262797,12.190961942819875],[92.70103044143,12.18694871763024],[92.70882931908655,12.148285385390603],[92.71936569823843,12.17971526557096],[92.74750965703514,12.177267955006943],[92.75102062640907,12.180586461866158],[92.75656306423231,12.163164595367125],[92.72540820371246,12.09589990219811],[92.73611707435715,12.078777766604915],[92.73239872895786,12.072315346057605],[92.72950183652958,12.075263628606063],[92.72815156110713,12.075449418038353],[92.72407672665717,12.07287893490095],[92.72275549019513,12.064399489339978],[92.72513329565179,12.073353213471105],[92.73288860669027,12.068382545778498],[92.73692968736071,12.078067736541426],[92.7335992992835,12.065344693313792],[92.73783006976333,12.056537678550269],[92.73317054611643,12.061376101808573],[92.72745653248354,12.059534066400882],[92.72529721369305,12.057387790394056],[92.72506932185868,12.049653772418319],[92.72063400510893,12.052507575897426],[92.71812998175899,12.049389473729553],[92.71381420963945,12.052776567630326],[92.71243607475651,12.051524920680903],[92.71335834768301,12.049015915825255],[92.71097081902585,12.050734291399618],[92.70983155468132,12.049771900934608],[92.70931158202782,12.04639090241912],[92.7071395757207,12.04711028227167],[92.70067164033256,12.040720511979718],[92.69868823220253,12.042470415551534],[92.69728712921209,12.040671734759663],[92.69660337080573,12.042498089524575],[92.69680935246522,12.04020630260704],[92.70073574406247,12.040078691272013],[92.71316968483168,12.047926552420249],[92.7150492035639,12.0516822425727],[92.70957855806226,12.033919539171093],[92.70944937389983,12.032048263985352],[92.71043632336828,12.03104440155294],[92.71608653866018,12.049819577856175],[92.71960387432435,12.048512045830957],[92.72111125620879,12.051585279915411],[92.7254455530237,12.048849021796558],[92.72734436273092,12.054331371443771],[92.72807189474265,12.035490803159153],[92.74001327264861,12.02860631737477],[92.7385694942015,12.024263017950572],[92.72601540581593,12.025425076934944],[92.72494054065064,12.02460280153793],[92.72514208175325,12.02326468522021],[92.77051470055292,11.99861286783],[92.76394436870056,11.986563871533235],[92.75993732460452,11.994648993148317],[92.74394507189042,11.999725666421622],[92.7435662226299,11.994297075118208],[92.74123041315731,11.99720451946796],[92.74023880629993,11.997661554165646],[92.73050087955728,11.999708524027515],[92.72206379604236,11.993464653586763],[92.73156858477324,11.971072478261815],[92.71523201660985,11.967145595594973],[92.71048780456279,11.93308254210527],[92.72506772023316,11.897259200162523],[92.71818569645517,11.892099417625635],[92.71334536702228,11.897873335467827],[92.71161962956121,11.898176790480893],[92.70987034849675,11.89651834693997],[92.70716371345179,11.900872181974908],[92.70390479012853,11.900760169918131],[92.7136683568294,11.889058747295767],[92.72421178426481,11.891175258922404],[92.72221545670463,11.878925966255679],[92.7098079251313,11.872832201261717],[92.70638162985314,11.864439046618184],[92.72332537844648,11.876832701526933],[92.72422208179248,11.856554440663254],[92.70170014539954,11.814333028470436],[92.70075455071859,11.829611921656046],[92.69519781014498,11.812906314410426],[92.65474358712935,11.833847111136174],[92.69191729355167,11.813671101747902],[92.67008264226767,11.798197969847264],[92.67237868551561,11.782769806806353],[92.69750117442088,11.812512494680911],[92.70580044374884,11.792693277394038],[92.69960648519901,11.809627986756],[92.72965041471997,11.854780571452487],[92.74425960790256,11.93209833562634],[92.78299231523494,11.93691589609955],[92.78997652188501,11.88545039210333],[92.75445437835447,11.700648571508534],[92.74340649525475,11.711536301343013],[92.74472293107418,11.690439457225283],[92.7165487547075,11.70542119771616],[92.71094920084073,11.693249782694908],[92.6964535272124,11.718876481408813],[92.68996706559389,11.69774399428267],[92.6890290173252,11.707264016381256],[92.68520415779187,11.70921313354889],[92.68529204944257,11.712716389540914],[92.68222379436497,11.714095743573683],[92.68627364325218,11.692207461143518],[92.70567672973145,11.700058947632833],[92.7077226784256,11.67050894220638],[92.66014245133078,11.652230754212386],[92.6912011090932,11.622471001674775],[92.68851904114366,11.624216499135288],[92.68720291111215,11.623312713809359],[92.68836636217796,11.618136657844001],[92.68488664756165,11.62024842535152],[92.68337343552115,11.620298498093861],[92.68174092025582,11.61934044189353],[92.67203210962863,11.609198595779134],[92.67294879519304,11.607367693459777],[92.68882474202061,11.617404266436496],[92.69219160367801,11.622692269920291],[92.68779075552189,11.627426063553225],[92.6906474332823,11.627425434568378],[92.69494579326515,11.616426414923874],[92.68928716278691,11.614511113156723],[92.68639587658787,11.602993881020177],[92.7016313821732,11.617726536582476],[92.69406535007312,11.652865180357763],[92.7282088490013,11.658224996605702],[92.71437512822685,11.67843555819391],[92.75599215623076,11.665047110669473],[92.7102269747701,11.477384922274807],[92.69691072096936,11.505783378867742],[92.66749825785325,11.501829365233332],[92.64520170833914,11.522526144182953],[92.64625072438275,11.572399415506375],[92.63239656827498,11.58078545964528],[92.61647912124882,11.563440774373836],[92.60183759002503,11.608648215861463],[92.62701466188827,11.626441180119707],[92.6349056454043,11.615474599616144],[92.64470112746052,11.635273198754765],[92.63039006584839,11.65188165324846],[92.63040790085927,11.628299003276327],[92.6080903746813,11.632385016562326],[92.5977026133278,11.649086994575407],[92.5912904350603,11.738281484725325],[92.55805305364517,11.692299552594147],[92.558654442019,11.772654460668454],[92.54957633204022,11.802233076592783],[92.54072139851664,11.785537188561335],[92.52940866692799,11.794999195355878],[92.54284102688203,11.80134983504364],[92.5495559883532,11.809745817587118],[92.53165320839466,11.805929931793347],[92.54673778817175,11.82943995747089],[92.5469056155549,11.836179785779004],[92.54501756414204,11.843343881235532],[92.52382493083589,11.807369266632339],[92.50566593193096,11.824516805393301],[92.51397524795627,11.872407942876523],[92.5275600043777,11.872494269491726],[92.52023912587725,11.89861877819734],[92.56406588318872,11.950808895914466],[92.58287160109958,11.877005414860882],[92.59896505546612,11.899644801272462],[92.59910120286037,11.866086277925712],[92.60478382520374,11.852864952085557],[92.61026351741874,11.847305316236007],[92.60030254332405,11.878914946109724],[92.60629427403639,11.913527107918489],[92.61977541469896,11.921831320971256],[92.62035369302066,11.931075298464815],[92.59866630186863,11.904494992477419],[92.59263339870755,11.918493678912924],[92.60762447577073,11.929804628367414],[92.62815914873997,12.043004698852073],[92.62204638695688,12.101387803066988],[92.6641210194623,12.221847749526],[92.65484726369021,12.180195573827275],[92.67395444566193,12.21778710385894],[92.67505142970512,12.186995485642361],[92.68117275096081,12.191781110206316],[92.68767109361374,12.234992437653014]]],[[[92.72787354717575,11.949254625873621],[92.72314874508982,11.946806415370412],[92.7321563750737,11.959934385032701],[92.72787354717575,11.949254625873621]]],[[[92.7228393568992,11.954450248989334],[92.72453297846845,11.953278905202284],[92.72192469661475,11.951272788959706],[92.7228393568992,11.954450248989334]]],[[[92.76694191466198,11.96482729171495],[92.75819543355675,11.944704155530975],[92.73491684462077,11.95182396636026],[92.74841072983274,11.968955579919479],[92.76694191466198,11.96482729171495]]],[[[92.60747531600495,11.966287592129467],[92.60529039280391,11.960673305563784],[92.60460593628028,11.966563090435223],[92.60747531600495,11.966287592129467]]],[[[92.73826029978673,11.964464299347497],[92.73766629999346,11.964140299636941],[92.73766629960778,11.964464299298873],[92.73826029978673,11.964464299347497]]],[[[92.7425720109247,11.967655280379983],[92.74223575950914,11.965218970922622],[92.74041318098551,11.965233298428322],[92.7425720109247,11.967655280379983]]],[[[92.73365078754077,11.977232687872895],[92.75696273086045,11.99291200979156],[92.76078693698975,11.983172479208564],[92.73365078754077,11.977232687872895]]],[[[92.74843541015179,12.054396149792387],[92.78219391167457,12.048542239704735],[92.77769171936833,12.024132554146357],[92.72929854959342,12.03690066515231],[92.7272403634202,12.058598511087766],[92.73693338441265,12.053925319456747],[92.739070037359,12.056491907600678],[92.7362817266821,12.066012648493379],[92.74441561854024,12.056209465926537],[92.74843541015179,12.054396149792387]]],[[[92.73656774584592,12.069131485659772],[92.75517508121615,12.066759130231521],[92.75379689905456,12.057858529013842],[92.73656774584592,12.069131485659772]]],[[[92.73940791003425,12.112266129398321],[92.74070757159448,12.111537847191302],[92.73879614626635,12.110440257765209],[92.73940791003425,12.112266129398321]]],[[[92.75401752555436,12.1426628553094],[92.75449652885774,12.147712018125748],[92.75677041010043,12.148935131588148],[92.75401752555436,12.1426628553094]]],[[[92.71348085418063,12.169860712931417],[92.71274722376202,12.1704972441064],[92.71337091682994,12.170555787118786],[92.71348085418063,12.169860712931417]]],[[[92.71962111219054,12.179933395039878],[92.7200660854875,12.181657025813173],[92.72092634436197,12.181754513618289],[92.71962111219054,12.179933395039878]]],[[[92.72827467749799,12.183950300489071],[92.72868115045677,12.18913016826092],[92.7302799473154,12.188560025905254],[92.72827467749799,12.183950300489071]]],[[[92.70629065559439,12.197317102901348],[92.70734244496761,12.197135104482228],[92.70662783173314,12.196510405517383],[92.70629065559439,12.197317102901348]]],[[[92.7300778879618,12.23071237748272],[92.74236401347643,12.204757087661852],[92.738912902167,12.236187221240648],[92.74410678871531,12.227872404336699],[92.76167799535112,12.229804205486563],[92.76328815113388,12.181945004595837],[92.72850702124605,12.197679623750878],[92.72247034119384,12.18832515129692],[92.7300778879618,12.23071237748272]]],[[[92.68188043597625,12.214768225970555],[92.67886668955927,12.2192798924978],[92.68186414963726,12.223831034523876],[92.68188043597625,12.214768225970555]]],[[[92.69803074774225,12.243525734680674],[92.69656661285035,12.250193232360761],[92.6983065081029,12.243552779788716],[92.69803074774225,12.243525734680674]]],[[[92.731379899896,12.25222970010554],[92.73161150016196,12.252543599653924],[92.73179119994658,12.251880399689165],[92.731379899896,12.25222970010554]]],[[[92.72111565613542,12.255365012877103],[92.72399767230507,12.256109815039219],[92.7234315642248,12.25400359376861],[92.72111565613542,12.255365012877103]]],[[[92.71623610785858,12.25693819540335],[92.71684757482876,12.258976690216944],[92.7168013148395,12.256219396252483],[92.71623610785858,12.25693819540335]]],[[[92.69872606164255,12.274730796444008],[92.72307270724085,12.290940104188097],[92.70992601901905,12.229657141541862],[92.69872606164255,12.274730796444008]]],[[[92.73881212137323,12.282426138822881],[92.74172062014561,12.25546743732192],[92.73457699252435,12.248134529846267],[92.73881212137323,12.282426138822881]]],[[[92.73521288665577,12.281335172490614],[92.73505140787258,12.290574363243667],[92.73673648886373,12.292716667040722],[92.73521288665577,12.281335172490614]]],[[[92.7514261389643,12.29098503061734],[92.75051061266167,12.290986273708686],[92.75126194026186,12.291720983489421],[92.7514261389643,12.29098503061734]]],[[[92.7515076403744,12.292613761444734],[92.75230477537735,12.29432932779497],[92.75316210694754,12.294114782098179],[92.7515076403744,12.292613761444734]]],[[[92.68489309126224,12.554209751189369],[92.68415638243444,12.516886650327985],[92.67813778264782,12.505564428754758],[92.66179931748285,12.532877169708831],[92.68489309126224,12.554209751189369]]],[[[92.70001905465952,12.638225617688125],[92.70191944672696,12.636114297895974],[92.69919019807567,12.637136583428584],[92.70001905465952,12.638225617688125]]],[[[92.70275846657005,12.640299394392112],[92.69887772663104,12.63895364060318],[92.70152512649854,12.641190170494273],[92.70275846657005,12.640299394392112]]],[[[92.70054468533583,12.641213060993444],[92.7004523919298,12.640431160096465],[92.70019001442851,12.640413158005376],[92.70054468533583,12.641213060993444]]],[[[92.70236825477465,12.643721012589301],[92.70283698329379,12.641162655087665],[92.70094070839018,12.641750801481823],[92.70236825477465,12.643721012589301]]],[[[92.72636884209294,12.655531973220022],[92.72921280853222,12.653411050576068],[92.73013794340636,12.653121407712408],[92.72809427170806,12.653547093752403],[92.72636884209294,12.655531973220022]]],[[[92.72403938497109,12.655044739092748],[92.72699451061638,12.654587086636],[92.72494072502687,12.652748328122208],[92.72403938497109,12.655044739092748]]],[[[92.72473823592219,12.68372174276023],[92.72481388415905,12.683391901987196],[92.72437516873669,12.683281120461286],[92.72473823592219,12.68372174276023]]],[[[92.71332766234113,12.689450503817469],[92.71485319911757,12.6892778106947],[92.7142316328884,12.688486213024955],[92.71332766234113,12.689450503817469]]],[[[92.72379770000171,12.692475599606015],[92.72359070016833,12.691440599762721],[92.72296969953015,12.691923600047756],[92.72379770000171,12.692475599606015]]],[[[92.72212501360795,12.692417039242422],[92.72273554448677,12.692529303575203],[92.72252700927912,12.691930730704769],[92.72212501360795,12.692417039242422]]],[[[92.73205571061786,12.703407908046321],[92.7293849648811,12.702595442247784],[92.7303577859046,12.705831216445711],[92.73205571061786,12.703407908046321]]],[[[92.72196734021975,12.737631213385319],[92.72900960010662,12.73025217035428],[92.72712941087116,12.726555742777862],[92.72196734021975,12.737631213385319]]],[[[92.7384687079894,12.73287868185214],[92.73740972450308,12.733091576269484],[92.73750687224165,12.734099444233667],[92.7384687079894,12.73287868185214]]],[[[92.72617208020037,12.751718652154278],[92.72469441112499,12.753415809808747],[92.72592180696564,12.753791946784009],[92.72617208020037,12.751718652154278]]],[[[92.653650843758,12.772533077297483],[92.65546960358078,12.770774715412054],[92.65435500916308,12.76947754674372],[92.653650843758,12.772533077297483]]],[[[92.71631753779701,12.774800575319196],[92.71674078594579,12.773688544728424],[92.71593961693108,12.774000651427452],[92.71631753779701,12.774800575319196]]],[[[92.70975120835507,12.828585234939496],[92.71125276693152,12.777188518709789],[92.72480351781394,12.748346518471044],[92.71656384084068,12.719169886037355],[92.69370382454404,12.797636392091183],[92.70975120835507,12.828585234939496]]],[[[92.71925936340688,12.784454335639126],[92.7240028831257,12.762070057257676],[92.71656668569196,12.788188606206834],[92.71925936340688,12.784454335639126]]],[[[92.71525860798411,12.775460791234396],[92.71686169697449,12.776789199234864],[92.71707768078441,12.775586828589232],[92.71525860798411,12.775460791234396]]],[[[92.71554275080118,12.784071223740048],[92.71565752857352,12.7831265205859],[92.71485627145178,12.78328494598684],[92.71554275080118,12.784071223740048]]],[[[92.71670032659166,12.789992459899748],[92.7172418894786,12.79055418218418],[92.71749310591646,12.789848653870527],[92.71670032659166,12.789992459899748]]],[[[92.71641731104381,12.795054454016077],[92.71906401869204,12.791347319760494],[92.71858493916021,12.791044625580968],[92.71641731104381,12.795054454016077]]],[[[92.7211011608983,12.795242900210118],[92.72213339133769,12.796743205675249],[92.72251097419331,12.796571329753792],[92.7211011608983,12.795242900210118]]],[[[92.71460728801858,12.794869651168131],[92.71460818292789,12.797274264147807],[92.71519777589994,12.79750461424398],[92.71460728801858,12.794869651168131]]],[[[92.7163311812727,12.798683997449725],[92.71489346973931,12.800697935773869],[92.71544116975151,12.801160596849767],[92.7163311812727,12.798683997449725]]],[[[92.71624490979023,12.80194290374442],[92.71539914403033,12.804211866912661],[92.71618735070345,12.804760456426113],[92.71624490979023,12.80194290374442]]],[[[92.7240176702562,12.831998157718756],[92.72571997559196,12.838316478435674],[92.72650786787523,12.83884053362758],[92.7240176702562,12.831998157718756]]],[[[92.71937841687719,12.865031242869746],[92.71761177545575,12.835281590252247],[92.70862903718934,12.833494180480155],[92.71937841687719,12.865031242869746]]],[[[92.73110326591082,12.856041838465764],[92.72833459196528,12.85577610509511],[92.73100235969488,12.857040776429256],[92.73110326591082,12.856041838465764]]],[[[92.6980135770518,12.98925147665698],[92.71925359257484,12.980966554816177],[92.72065506190107,12.889601141129916],[92.7182100233364,12.881321390965143],[92.70731524807572,12.883932397216295],[92.70589135320243,12.883046852548922],[92.70383559545539,12.88003709220748],[92.70402355388012,12.877239214911784],[92.70305640059598,12.878188632021194],[92.70202893814324,12.877872481551558],[92.70160030893894,12.877316631308512],[92.71870965808144,12.874835156556827],[92.69959843116023,12.840226554379921],[92.67108489710925,12.83762342825379],[92.68805341020604,12.816973809175765],[92.66727911893499,12.782593475976572],[92.64686317694377,12.862005672049255],[92.67899512791142,12.94219492037703],[92.679489648578,12.948536050429947],[92.6680625790174,12.957196899774175],[92.66971409752671,12.966105162588555],[92.6980135770518,12.98925147665698]]],[[[92.75475197720718,12.911539647364117],[92.75623049534335,12.89721612937999],[92.75267434134784,12.889585979945593],[92.74804686701195,12.89459804006676],[92.75475197720718,12.911539647364117]]],[[[92.67324109377432,12.933407837282587],[92.67328258028611,12.932924225646364],[92.6729508191218,12.932933294151116],[92.67324109377432,12.933407837282587]]],[[[92.67205685510513,12.933222486658144],[92.67255451217015,12.933231537003744],[92.67215370589066,12.932765982467005],[92.67205685510513,12.933222486658144]]],[[[92.67655847442691,12.947243722257967],[92.67756767745375,12.947175821539817],[92.67701452407624,12.946452722427038],[92.67655847442691,12.947243722257967]]],[[[92.66942971383737,12.948740384594895],[92.67197805002193,12.948387642630802],[92.67044336927526,12.947818281291124],[92.66942971383737,12.948740384594895]]],[[[92.67555431149555,12.94935001852858],[92.67281216513956,12.948432768314012],[92.6721670829003,12.948853158449174],[92.67555431149555,12.94935001852858]]],[[[92.66642550931299,12.951167688463466],[92.66841601433345,12.949463615272274],[92.66629170141225,12.950223072639078],[92.66642550931299,12.951167688463466]]],[[[92.67038894108094,12.95237417495168],[92.66925025377307,12.950159593955425],[92.66903850755968,12.951438693265068],[92.67038894108094,12.95237417495168]]],[[[92.66791878187112,12.95204893696635],[92.66704314039109,12.951777812340985],[92.6670201448831,12.952039957585491],[92.66791878187112,12.95204893696635]]],[[[92.66937045631755,12.952216062793573],[92.66948124314824,12.953205875629804],[92.66997887551726,12.952803581206727],[92.66937045631755,12.952216062793573]]],[[[92.66931544000803,12.953739215575188],[92.66670243638424,12.95357216757744],[92.6686614672798,12.956030767148436],[92.66931544000803,12.953739215575188]]],[[[92.71402413084773,13.092134389968473],[92.70600776218522,13.070857529919033],[92.69959421645298,13.070253827754923],[92.6946683886733,13.09656537952223],[92.71402413084773,13.092134389968473]]],[[[92.72751616217079,13.092667183337193],[92.73157971026426,13.095522069539614],[92.72709540966396,13.089905715786879],[92.72751616217079,13.092667183337193]]],[[[92.75449936345082,13.201823930575934],[92.75542633878894,13.202181183324296],[92.75473476240623,13.201209447191593],[92.75449936345082,13.201823930575934]]],[[[92.85176867316474,8.838610486619597],[92.85997664793213,8.81978505002717],[92.84642398562846,8.817386686679134],[92.85176867316474,8.838610486619597]]],[[[92.86322230656043,8.834402246394365],[92.86334100097915,8.834102081928577],[92.86306602286336,8.834293014687443],[92.86322230656043,8.834402246394365]]],[[[92.77142600766075,9.25882258038161],[92.81766541105671,9.21199055687401],[92.8270668459534,9.138407351521328],[92.79906515703469,9.120594233188987],[92.7273155681939,9.124898851642765],[92.7196915861742,9.218526241782575],[92.76371673112698,9.215825365637444],[92.77142600766075,9.25882258038161]]],[[[92.75583989954143,11.636731899660669],[92.75558970034383,11.6367720999264],[92.75579090036493,11.636845499965348],[92.75583989954143,11.636731899660669]]],[[[92.76188287479013,11.671025299429493],[92.75811926458137,11.678188512106502],[92.76490537231669,11.682105831566664],[92.76188287479013,11.671025299429493]]],[[[92.77001727718661,12.017066443323106],[92.77619591157955,12.015394803728144],[92.77026592485055,12.012412867892987],[92.77001727718661,12.017066443323106]]],[[[92.7856702776963,12.07355296050256],[92.78688241727387,12.07770484186266],[92.78734861020814,12.077847266978285],[92.7856702776963,12.07355296050256]]],[[[92.79922136672877,12.076315699053488],[92.79862205444795,12.075154019778564],[92.79847040419216,12.076573344579824],[92.79922136672877,12.076315699053488]]],[[[92.79190465079438,12.078878282262462],[92.7920011492276,12.078731400713606],[92.79191388699435,12.078697423420616],[92.79190465079438,12.078878282262462]]],[[[92.79159468088481,12.079061358402388],[92.79175312881583,12.078887303325338],[92.7916750566252,12.078731338847035],[92.79159468088481,12.079061358402388]]],[[[92.79104805349466,12.0790793988099],[92.79114457759769,12.079018338268638],[92.79106649842497,12.078991240946133],[92.79104805349466,12.0790793988099]]],[[[92.79997636909688,12.089745332479518],[92.7990233319106,12.089232256977986],[92.79927816882244,12.090176920482422],[92.79997636909688,12.089745332479518]]],[[[92.85148923205867,12.141309851788277],[92.85115155525719,12.141510974508973],[92.85147775855916,12.141617225786318],[92.85148923205867,12.141309851788277]]],[[[92.85206119961344,12.141899595278243],[92.8514501764675,12.141804768340457],[92.85185679339922,12.142084964428129],[92.85206119961344,12.141899595278243]]],[[[92.7590321002101,12.166272800185464],[92.75879139969874,12.168165199805903],[92.75977909985706,12.168538699549721],[92.7590321002101,12.166272800185464]]],[[[92.75988795286482,12.170467657945727],[92.75863586596765,12.171240394172186],[92.75974514121236,12.172580840406036],[92.75988795286482,12.170467657945727]]],[[[92.75554629675024,12.180854212382389],[92.7614999642084,12.17435745118462],[92.7584171040704,12.173877833403509],[92.75554629675024,12.180854212382389]]],[[[92.86581936256825,12.182022893723323],[92.86514406824013,12.183060369475447],[92.86602157793664,12.18240479705333],[92.86581936256825,12.182022893723323]]],[[[92.81346576073,12.311444460725406],[92.83212101337088,12.292016145427096],[92.84699724608451,12.303658470120961],[92.8503843808732,12.283274413852784],[92.8548483207371,12.287922727918735],[92.8540989102172,12.286697887330565],[92.85417670612125,12.284507852648755],[92.85600822576033,12.283526725793328],[92.8537533094556,12.28122405215148],[92.85472317185125,12.281330098499122],[92.85607481546707,12.283158251587178],[92.85614160430393,12.283784345104896],[92.85472889389915,12.288386036425294],[92.85223945439125,12.285599779563608],[92.84900124664121,12.302051250128049],[92.87222643788205,12.301705788123641],[92.87151945240747,12.295393598853103],[92.86904867542651,12.295308245789348],[92.8660029995259,12.29316635525579],[92.86344139630211,12.28678215748225],[92.89126347624124,12.266436750801466],[92.87524937527033,12.250606664950658],[92.8696319737174,12.250970417460577],[92.86811890523761,12.257255626984321],[92.8642469469167,12.258307377397704],[92.8656585510403,12.261111817785318],[92.8637374574633,12.261419522370456],[92.86460404710209,12.262515530751907],[92.86296575542191,12.263569068700312],[92.86186935837607,12.262543206324555],[92.86195912123375,12.263566940262553],[92.85786529117973,12.244497563269116],[92.88286165695253,12.197677206862572],[92.87456442047295,12.192296479621797],[92.85316440178883,12.204332124968257],[92.82756266399883,12.203001425344526],[92.83324014167148,12.205887151098938],[92.83490638046943,12.211460396642234],[92.83318108420292,12.214380501695903],[92.83568770648128,12.213073989065782],[92.83842419362334,12.213030833831914],[92.83985091310316,12.212146963973305],[92.84053328472378,12.212332200317976],[92.84058691368797,12.219390459113297],[92.81739216529935,12.23296146165513],[92.81113751284073,12.234080243884485],[92.80698311270851,12.23226087014262],[92.80591696537033,12.231074291117512],[92.8050645066085,12.23200315012777],[92.80262185222831,12.23264492976211],[92.80572394215156,12.230764697385355],[92.81703368605312,12.232452906342141],[92.84046509906311,12.219089883119889],[92.8402691047772,12.212445269516182],[92.83351885422105,12.214791809310015],[92.83280426487967,12.21452523713443],[92.82676538904285,12.203003732212913],[92.85414098152181,12.19103366547756],[92.85483696647043,12.16179025797099],[92.8444634362564,12.147453720787304],[92.82238529486382,12.1781384309769],[92.82077418652808,12.159759461568047],[92.81722979898343,12.163723700771355],[92.80756553758032,12.160073750572296],[92.80677044953606,12.171159476875168],[92.80109394220898,12.170585204150441],[92.8071336480172,12.159944856187783],[92.82693270780382,12.156138466076056],[92.81641580219146,12.124614364380584],[92.80149280569887,12.13199193368458],[92.81811296805475,12.11318044620831],[92.78362540208127,12.106030467517478],[92.8007914652692,12.093535500209734],[92.76344496210176,12.063223543935381],[92.75204576833359,12.074402091023206],[92.75462660913348,12.076041288882987],[92.75816893414252,12.081389396158077],[92.76036063739741,12.08906729322793],[92.75906270785022,12.091065007339406],[92.76162135619356,12.089754664888268],[92.76375710800716,12.090141451703158],[92.75882151168204,12.091571220811888],[92.76068125049287,12.092900563330273],[92.76032961556336,12.095350429179637],[92.76222438869182,12.09521061389922],[92.76377892269848,12.0966189732337],[92.76335581288996,12.099617990309325],[92.76356531296187,12.096792965444568],[92.75999884080878,12.095427193437292],[92.75776519197554,12.090938182881501],[92.75784053584081,12.081497811853016],[92.74721146545012,12.074126269086294],[92.73776932066791,12.09754043997993],[92.76345884880334,12.165240636494369],[92.77080750585425,12.241573923488925],[92.74113666847883,12.245375713589981],[92.74938838965267,12.274089806028368],[92.76323681973285,12.262482533368518],[92.78768200242041,12.28024085898518],[92.77088855442318,12.31312068025175],[92.79500494470864,12.303590193322465],[92.81346576073,12.311444460725406]]],[[[92.84752735078825,12.195803403208679],[92.84800302798547,12.196827176741795],[92.84801662162661,12.195545668318173],[92.84752735078825,12.195803403208679]]],[[[92.87146520310488,12.228556869446072],[92.87038749653813,12.22827232028177],[92.87076910759528,12.228866637939088],[92.87146520310488,12.228556869446072]]],[[[92.88133485072281,12.241543556215438],[92.88176221468987,12.239292504653642],[92.88068678161198,12.239391999284662],[92.88133485072281,12.241543556215438]]],[[[92.86088505487983,12.246121989534881],[92.86613836355562,12.236567719920023],[92.86505138211088,12.236025504403738],[92.86088505487983,12.246121989534881]]],[[[92.87953151650439,12.245872723933806],[92.88077402829448,12.2489218155989],[92.88041390662882,12.245796057687091],[92.87953151650439,12.245872723933806]]],[[[92.86295793509056,12.259067016152972],[92.86396686801235,12.259500687827687],[92.86416671009698,12.259254359536273],[92.86295793509056,12.259067016152972]]],[[[92.88823926258948,12.278439479357706],[92.88389651400269,12.2744880784496],[92.88812851643986,12.280724376820848],[92.88823926258948,12.278439479357706]]],[[[92.76434048181808,12.266090498102242],[92.75220835793152,12.277873925701831],[92.76218227828923,12.29409443870636],[92.767334505297,12.2849964740508],[92.76434048181808,12.266090498102242]]],[[[92.87834067558573,12.290226073319204],[92.88451821758464,12.279758617658688],[92.87689871486644,12.284028596025763],[92.87710453321247,12.288772558116001],[92.87834067558573,12.290226073319204]]],[[[92.7684164547893,12.288630853168984],[92.7688591128374,12.294509352247424],[92.7700794724593,12.295002266249133],[92.7684164547893,12.288630853168984]]],[[[92.88004837393743,12.300715363823679],[92.88473321113938,12.297014360772069],[92.8760327767783,12.294787414071363],[92.88004837393743,12.300715363823679]]],[[[92.76437450929734,12.296727845178896],[92.76459001386297,12.29949875368171],[92.76497625147482,12.299401701655672],[92.76437450929734,12.296727845178896]]],[[[92.86529536929339,12.30596755111593],[92.86472939071515,12.303122201270883],[92.86309064119888,12.303325942429693],[92.86529536929339,12.30596755111593]]],[[[92.85804288448807,12.311040192423425],[92.85720847637877,12.312419483848362],[92.8586917127714,12.31124166420181],[92.85804288448807,12.311040192423425]]],[[[92.85941668099703,12.334759600699348],[92.86325231170204,12.33055963744199],[92.9000791175746,12.32349909776872],[92.85616752816519,12.314647770783003],[92.85607151193848,12.317888786188334],[92.85884589881621,12.318132398131207],[92.86059064113908,12.319074499079893],[92.8618437196843,12.321126387973399],[92.86027824293258,12.320105169073083],[92.8611063505617,12.323727912358828],[92.85718578875205,12.328305173793614],[92.85844570828698,12.329803460540155],[92.85503717972861,12.33205279448556],[92.8564465226856,12.333275171483827],[92.8568821068344,12.339919754372536],[92.85771335376108,12.334954236997062],[92.85941668099703,12.334759600699348]]],[[[92.89392128194285,12.406299789954538],[92.88226240345547,12.373700970650448],[92.84269703723784,12.401108990956626],[92.85435099880625,12.409349814788637],[92.88012865734254,12.398438889485535],[92.89392128194285,12.406299789954538]]],[[[92.84246417849097,12.39518089265711],[92.84270333292876,12.395861072072409],[92.84298369900122,12.395318648354145],[92.84246417849097,12.39518089265711]]],[[[92.84151804805046,12.4034013591986],[92.84186484112108,12.404358938434855],[92.84170758031962,12.403280587255574],[92.84151804805046,12.4034013591986]]],[[[92.86482668072475,12.4086495610782],[92.8642608222513,12.407718565278966],[92.86394056022675,12.408266969175557],[92.86482668072475,12.4086495610782]]],[[[92.87623483216433,12.410172927284767],[92.88059470297169,12.410694443513014],[92.87376214103512,12.408898488268209],[92.87623483216433,12.410172927284767]]],[[[92.88843010622047,12.412678096626129],[92.8884147517579,12.413047178059486],[92.88865849150775,12.412965889740429],[92.88843010622047,12.412678096626129]]],[[[92.88797064180972,12.41442118576075],[92.88819368511606,12.414771516067221],[92.88818452673691,12.414455094226325],[92.88797064180972,12.41442118576075]]],[[[92.86814512907003,12.413958484009685],[92.85851114382196,12.417795359230126],[92.86783608930612,12.420128484310025],[92.86814512907003,12.413958484009685]]],[[[92.83827790669791,12.411310524007288],[92.84198667083363,12.416009068794887],[92.8584300017084,12.413307713166851],[92.83827790669791,12.411310524007288]]],[[[92.89705378157073,12.926710581359599],[92.90214168290147,12.920075645930506],[92.89900361641236,12.919352275320183],[92.89739175857751,12.914110561426371],[92.9003594517895,12.91152987635085],[92.9223210339949,12.915389839520554],[92.90588714294886,12.887016102816746],[92.92462580388548,12.88790391718232],[92.92638412778558,12.85814086710298],[92.94116054387202,12.855990867648432],[92.94026318328237,12.837583634276557],[92.93560111210601,12.839801132178131],[92.93041364078628,12.83840414542327],[92.92742594489583,12.832697931358108],[92.9290104500146,12.83162884183515],[92.92670260508379,12.83180306144856],[92.92412580341829,12.829962404384545],[92.92255604388068,12.826075389338191],[92.92263698150056,12.821954208455509],[92.92544191657288,12.817244316095701],[92.92748005489918,12.815757128924277],[92.92976022141487,12.816541168322647],[92.92622245527926,12.813054181805812],[92.92441848515143,12.801076416733991],[92.93057549632205,12.81631957067283],[92.92428869737088,12.829538659442518],[92.94910945129793,12.838187928674007],[92.95111796124961,12.795211785462854],[92.92641809930939,12.774390289241156],[92.93894177242026,12.767527938127103],[92.94987967465991,12.770071770807416],[92.96444335605533,12.725811907163433],[92.9800497215873,12.709395063511064],[92.96385531001103,12.7044009987445],[92.9566957201241,12.624211098756566],[92.94553678225665,12.631346477583106],[92.92972887336815,12.616923243334151],[92.95879757902584,12.619609343379022],[92.96882709163683,12.496659734433422],[92.92720919577647,12.490380889959306],[92.92178251305695,12.465707841592344],[92.92027107501015,12.472885612529328],[92.9161702822342,12.473760027092494],[92.91970507776074,12.476155870840941],[92.91840778154861,12.478169467539429],[92.92088469170848,12.479875986893385],[92.92031183450686,12.483284059208628],[92.91124242988994,12.489256645158461],[92.91315337910511,12.492805118872832],[92.9121665124603,12.494362197962388],[92.91397186887195,12.496760174251403],[92.91457451025298,12.500025226821958],[92.91428694956441,12.500025271020299],[92.91182379616886,12.494375651633804],[92.91292109557953,12.492547408565967],[92.91086289066907,12.489326695059681],[92.92052825535474,12.479984400524327],[92.91824909467118,12.47860113554313],[92.91913244377223,12.476106146604527],[92.91516254857396,12.478108254079778],[92.9131111044208,12.47697578025819],[92.91263948207431,12.478399550848915],[92.91202771045167,12.478700126065437],[92.90921961974534,12.477447739072113],[92.90847910264063,12.476699631308996],[92.90827914075923,12.47537294783328],[92.90822619364181,12.476267921527878],[92.90736362758695,12.476932295595484],[92.9069036627391,12.476785279597602],[92.90727389219339,12.477497274831324],[92.90692885432975,12.477630542955572],[92.90664826603025,12.477409072718322],[92.90714506960418,12.477472362762095],[92.90671963324073,12.476746874204887],[92.90827921464125,12.475160526262439],[92.91236583046704,12.478331730464276],[92.91260745590242,12.477016403973368],[92.91388170545324,12.475811911224024],[92.90570377472832,12.47065367282541],[92.9077878355099,12.467218652266823],[92.90716894534334,12.469241376023975],[92.91180536611637,12.47103850165146],[92.91487052587387,12.477651669007058],[92.91546886947992,12.472996034043948],[92.91944541725482,12.472752256600055],[92.9215640447596,12.464835394624894],[92.94990991961801,12.476196678529913],[92.95783698138263,12.472705385233533],[92.9446377587298,12.451268706703368],[92.91238681029519,12.450569425796552],[92.91077680470991,12.405388618877108],[92.908032021263,12.420973681423375],[92.89096751136553,12.436563405388359],[92.8948516239413,12.43582049971703],[92.89579205612715,12.436451162169703],[92.89549070802308,12.437210485068706],[92.8963529857293,12.437490877241322],[92.89649767955412,12.438519221252871],[92.89704044504376,12.43849446730116],[92.8844518487702,12.441760320294332],[92.88992155027509,12.447872531481421],[92.89566380326048,12.447857601541129],[92.89896338289952,12.451094452962574],[92.88884467389907,12.463753624394942],[92.88360772314171,12.442460800317336],[92.87700951148308,12.445087815550997],[92.88621741332307,12.456484810741301],[92.88379303856952,12.458525171669061],[92.87869000138993,12.458060849698496],[92.88313599582578,12.466532432150919],[92.87891569328004,12.466913474322391],[92.87895239584641,12.46754180224535],[92.88134634412188,12.468154798608689],[92.88184528855709,12.468726626842813],[92.8815829312303,12.469775236719398],[92.88040962822562,12.471325427569829],[92.86877598355956,12.446158751343892],[92.8431906204716,12.470765850815647],[92.84326082022154,12.480341567338415],[92.83548882436646,12.500637575140356],[92.83817277244113,12.497376014686193],[92.84218409402439,12.497113415715603],[92.85113832638508,12.502128563751278],[92.85514648508389,12.50976450466068],[92.8225293176754,12.500023601149236],[92.836872631469,12.491249218881055],[92.83559104850339,12.486586855125065],[92.83414221765385,12.488756663346727],[92.83286577771761,12.489258492173228],[92.82461514506754,12.48288572996947],[92.82260508956797,12.485313109677373],[92.81580399073054,12.486809450626513],[92.82447129423743,12.482174915964453],[92.83397657073893,12.488467365357753],[92.83487338204236,12.485800399754059],[92.84239127125045,12.479313413608457],[92.8405067719616,12.47139440964204],[92.8408431122198,12.476389077650508],[92.83341705365432,12.481515554951258],[92.83176572247797,12.481050087437158],[92.83157011753967,12.480134811639934],[92.83356605739111,12.47539306018496],[92.82945381093609,12.474710835616087],[92.8287290986617,12.471684670601856],[92.82555997964027,12.473294033622098],[92.82516664694217,12.472936942443292],[92.82559894017636,12.471992222854864],[92.82908323372206,12.471616889506384],[92.83062902406357,12.474541290175653],[92.829938905227,12.47207111535588],[92.83030906462243,12.470561340476747],[92.83154854553192,12.46929789445375],[92.83325510120004,12.469480801895704],[92.83479696552531,12.480159400657916],[92.83939058389008,12.464456200721651],[92.88452884871471,12.43610571479121],[92.89926490041708,12.416802819778649],[92.88479189505362,12.431258010101647],[92.87403437434936,12.413421654062427],[92.85955025821077,12.436826592416633],[92.8456636730042,12.423474047903719],[92.837055265461,12.43075920579963],[92.84169649368476,12.437452905246916],[92.83600098156552,12.443605330711721],[92.82149678403776,12.434075681984003],[92.8201493359311,12.437061265477581],[92.81076014328875,12.44285837200953],[92.81679672556074,12.444659627039732],[92.8121077629007,12.448323205388013],[92.81612300667507,12.446795412079828],[92.8182111037877,12.449050884826104],[92.81823894518362,12.451297190263412],[92.81766419473111,12.4519874936435],[92.81709104577108,12.45190285339064],[92.81599852708428,12.450720178175875],[92.81603326390818,12.454332388645414],[92.81525181721175,12.454717658301151],[92.81149283098549,12.448774029349668],[92.81633093134243,12.44480502700509],[92.81021926356073,12.442680676754993],[92.81948794443137,12.43495696518446],[92.80415838207426,12.441083091258303],[92.7958480923624,12.43788429368931],[92.79953704807778,12.464656261222617],[92.78575776017944,12.474714781921078],[92.7895409143731,12.477108444426257],[92.79072745187614,12.480776575844924],[92.79064221435549,12.482650221581919],[92.79000043204029,12.483583507572435],[92.78661021274647,12.48389510518013],[92.7854234752947,12.474680663967554],[92.79096801709169,12.469095709517326],[92.77186919531826,12.471035977161259],[92.79820086269608,12.464066300333283],[92.78724245900017,12.437087457201406],[92.82963454495888,12.428264662170292],[92.81497051437417,12.424895515946597],[92.83394225171557,12.410484565127135],[92.81575456955977,12.416994396782286],[92.80416111105146,12.411737452654592],[92.8033129022403,12.404564061092909],[92.80245066850044,12.404751624756566],[92.8017677161512,12.40594264410455],[92.80133775272826,12.405906430319549],[92.79965699286824,12.404315340213927],[92.79913060368912,12.400798645545917],[92.80360257034495,12.404475918813523],[92.80420018654598,12.411274113742245],[92.81571313800423,12.416381881885641],[92.83840050715787,12.408633136153021],[92.82164958760795,12.402288124385644],[92.81966498162448,12.389080390382974],[92.84155090305589,12.391393152962813],[92.83997820181887,12.3911175988102],[92.83893425328154,12.389809174254033],[92.84087657331295,12.385334067062496],[92.83753634783633,12.389382146514313],[92.83565997037987,12.38693694774328],[92.83534241546315,12.384139002862172],[92.83239969937378,12.385725817187867],[92.82813458667688,12.38138004377186],[92.83004944341212,12.378457605688498],[92.82876665964133,12.378925509337014],[92.82759638640609,12.378808119207093],[92.82570184626448,12.377377566723473],[92.82556846817826,12.37639901837376],[92.825064694672,12.376390740039788],[92.82136140170992,12.380062738201048],[92.82010601776764,12.379165563371792],[92.82307627706687,12.374217398513789],[92.83019202197386,12.378315264569316],[92.82995097276485,12.382961911429186],[92.83565741526824,12.38379546411649],[92.83755470273222,12.388853226693099],[92.83871059076803,12.383528429374104],[92.84141680443538,12.385370100501643],[92.84007704690924,12.39058420482636],[92.84486355389438,12.387717946839059],[92.84232578280186,12.391795385842267],[92.86105751995089,12.369437672402755],[92.85081992381988,12.36761770258389],[92.8462630498835,12.365453157583678],[92.84665828586701,12.363884669386277],[92.84539371118643,12.36311185813319],[92.84463287673167,12.363676983996731],[92.84576855654552,12.363708462400806],[92.84592040131359,12.364528848568739],[92.84358009400168,12.364856873832824],[92.8446098126699,12.363166215846885],[92.88333059495393,12.357025495691346],[92.89896652995435,12.333759059230891],[92.87952862025925,12.344852065224288],[92.87144226935372,12.329968094081952],[92.85706228980061,12.345206012421544],[92.84789454047936,12.343478372626324],[92.85420880611775,12.326841154862615],[92.84546980875584,12.329256147332195],[92.842545708868,12.326799817690073],[92.84188379214883,12.32790957415483],[92.8429158793447,12.327895876977436],[92.84309772196539,12.330042913206931],[92.84185641325212,12.329717643092495],[92.84109351518862,12.33157773821765],[92.83930742773805,12.331306762084008],[92.83940412206992,12.332773524647655],[92.83716057687735,12.332635833528498],[92.83571263734808,12.33434005415561],[92.83195437426522,12.335703202957738],[92.83186471163862,12.335542722595909],[92.84281685020885,12.326458504551423],[92.84552621867982,12.328860538648591],[92.84744213675839,12.32579668667059],[92.84837367157894,12.328083495246084],[92.85136453840468,12.325955534445546],[92.85468689548965,12.326608276189734],[92.85676057181058,12.328212622454537],[92.86011945523215,12.319156009711982],[92.85489265061128,12.319489076534834],[92.84745532260305,12.308280228844865],[92.83379561418677,12.30855292983724],[92.83145070776398,12.302676892151489],[92.80980886476456,12.315648188084282],[92.77866890802554,12.313074250332134],[92.76948983833604,12.320684886825246],[92.77198044359531,12.327350200849388],[92.77159658354562,12.327757001571328],[92.7705139135251,12.327878813382133],[92.77078261124437,12.329302693434501],[92.76952276680855,12.33031048613841],[92.77105362403078,12.330604584361211],[92.7721107855799,12.332139265568271],[92.7720623944432,12.332905447322833],[92.77043478618886,12.333759476644397],[92.75281239202285,12.296094548566828],[92.73412504937059,12.302426354461604],[92.74360424031926,12.326528168514141],[92.74773630127943,12.344421486582299],[92.74745256202407,12.34981335952518],[92.74372276925884,12.353438678780396],[92.74644897952163,12.352389418359902],[92.7498714539222,12.355901979976474],[92.7496558114275,12.358851295968748],[92.74853821167865,12.36015961664052],[92.74293322517555,12.359312767184202],[92.74668770642404,12.361174169280606],[92.74917836357804,12.36561778705325],[92.74261143081351,12.359457425572119],[92.7387587908533,12.314966615665934],[92.71947705872965,12.300342449876021],[92.69903885589095,12.328278622214414],[92.69512905212241,12.400409285704734],[92.70736949464458,12.594005924671476],[92.68398464619791,12.609049866574264],[92.70258650191184,12.60478720739689],[92.7182399121233,12.644334952342827],[92.71993337527446,12.618408663644844],[92.72243603839928,12.615356852016784],[92.72747963067009,12.636159624224359],[92.73330182024627,12.624066745047903],[92.73491875284766,12.627252534771394],[92.7356589857862,12.625371976295861],[92.74003485292018,12.622373434184677],[92.74031932512838,12.62039362798387],[92.7408621251799,12.619701854076014],[92.742739778196,12.619203829353168],[92.7441067629241,12.619203206604501],[92.74766153077493,12.62045923468264],[92.7328279333142,12.6571067687331],[92.77314526684044,12.67038959306223],[92.77838502530163,12.641202043014506],[92.77544962581487,12.637833490449767],[92.77510217958037,12.631356274681686],[92.76523373601886,12.632057104634502],[92.76227138417767,12.627752767266086],[92.76186774107552,12.624421384573141],[92.77565932977923,12.630737273200042],[92.77848745589525,12.637888970527515],[92.7788217538349,12.62963569557123],[92.78437902289153,12.623974380870864],[92.77645165702546,12.590469394702192],[92.77892657088617,12.579975059573982],[92.78598974213199,12.624517381170318],[92.77908341324815,12.671020312437204],[92.78709696631896,12.7027803796847],[92.78097482396626,12.725368205490604],[92.78368698479345,12.724605312374104],[92.78698294030065,12.726405255584453],[92.78969515521233,12.725466031381426],[92.78124535319229,12.740382748118872],[92.76160097231251,12.722810953543158],[92.78181424087724,12.733689270723293],[92.77578392532861,12.718378669247285],[92.78301673566376,12.692410139364794],[92.76939416154576,12.673103239606505],[92.73195522443613,12.672596500121367],[92.7458406072195,12.722818817017677],[92.72207114915665,12.825227904542544],[92.73052801797355,12.83624926467299],[92.73530992476513,12.807252183123303],[92.73773580215283,12.80438565406466],[92.73911899897142,12.837019086417124],[92.7403163640991,12.836476241741714],[92.74183400613613,12.821862714451367],[92.74257959193473,12.820660123094887],[92.7560952038963,12.846794896955862],[92.7534414822168,12.8189400758595],[92.76553747335095,12.818835053253565],[92.77269891757636,12.842563068003301],[92.77210298196557,12.831719694853806],[92.7793053464639,12.824115059019224],[92.77942803352482,12.799101602724809],[92.78349510218477,12.788452582285846],[92.78659244133847,12.786147336008042],[92.78424358932237,12.78441622581044],[92.78295634682243,12.781837556387408],[92.78319585952973,12.775722069789929],[92.78037503092398,12.776311878008453],[92.78383154046271,12.762146259220255],[92.79337846290106,12.774363640222294],[92.78041588074215,12.805052129168201],[92.78983300136014,12.814713578146751],[92.79220275209589,12.809682808187498],[92.79034188102338,12.807497414944459],[92.79202056257205,12.799639470952325],[92.79275282518532,12.799106084810994],[92.79427973536083,12.799718510187818],[92.79493607384528,12.798651722058127],[92.79179479886328,12.797340994233496],[92.792446443088,12.79342445724427],[92.79466637644208,12.793668497043274],[92.8006297230542,12.812828397316657],[92.7892136381125,12.828858878602498],[92.78207172793944,12.809181191697421],[92.785669021324,12.832924543068572],[92.7817968716755,12.859983334273421],[92.7930051710403,12.844506877420502],[92.78839635955399,12.861490702961555],[92.80041070395458,12.8484592998783],[92.80439878455596,12.86107195699255],[92.79079030911744,12.889935556653858],[92.8088363496467,12.897489713162683],[92.82975069614307,12.884618795844684],[92.83413257277005,12.885675637317995],[92.84069257165282,12.89160901877965],[92.83960193995117,12.876677669052667],[92.84769681678458,12.876067035235982],[92.84439548807313,12.875132217548634],[92.8424044290625,12.871952783400866],[92.84320344290106,12.870513027974933],[92.84144533701806,12.868045549339051],[92.83988889835047,12.868120166385483],[92.84069011091495,12.869817554728163],[92.83932925241662,12.872254073138386],[92.83885681865289,12.871519647989347],[92.83635162188361,12.865856665419674],[92.83973925181708,12.861385758751172],[92.83837842382378,12.864179374364538],[92.84255794944647,12.868502863057255],[92.84370760950432,12.870911360826316],[92.84277532941196,12.871925659807571],[92.84450596750679,12.874833860097578],[92.85388011842417,12.877111614164418],[92.85267509064748,12.873538828891292],[92.84971173772234,12.873988112827437],[92.84670698472694,12.869326344744644],[92.84814378611814,12.867067688199612],[92.85107603589074,12.866318725154775],[92.84505879898337,12.862224598394544],[92.84955723634167,12.8451004102549],[92.84864278178985,12.844955937322247],[92.84878082915742,12.846970420251008],[92.84750323779369,12.847730879890166],[92.84554129370282,12.845961920508419],[92.84138009784834,12.846382889910819],[92.83819007651208,12.844445280078553],[92.83625060935354,12.847110855328047],[92.82593641388506,12.830991509293309],[92.82344076930671,12.82310450120718],[92.82886174097398,12.818889070086021],[92.82910326551256,12.817225404111964],[92.82805522029604,12.817043503075201],[92.82702570594505,12.816270331520128],[92.82669828490555,12.814030153825579],[92.82763681009568,12.810329584866352],[92.82840526107,12.810057398271217],[92.82697457353856,12.813971860191343],[92.82944272404849,12.817212658503127],[92.82901533109552,12.819227870647106],[92.82365735262137,12.823210697077895],[92.82617579567196,12.830885721280078],[92.85007478273096,12.845001126204446],[92.84546817712433,12.861987876734876],[92.8518943948852,12.86633911532184],[92.84975557604727,12.873139870051226],[92.86242634911137,12.86358998985614],[92.86031215384412,12.878069242035314],[92.87432431287966,12.882337226791604],[92.87131469556013,12.892373741797677],[92.89107816567967,12.895207289246397],[92.9001131886787,12.902843982667175],[92.89240585309041,12.91565836277528],[92.89705378157073,12.926710581359599]]],[[[92.77941582151267,12.648556828476975],[92.7809904131738,12.655836793343694],[92.78058199506663,12.646136542034197],[92.77941582151267,12.648556828476975]]],[[[92.77285402528015,12.673661895388538],[92.78084539603711,12.687636254197836],[92.78199151014154,12.6882423736396],[92.77537641000015,12.67449010179926],[92.77285402528015,12.673661895388538]]],[[[92.78247118033607,12.718719859628214],[92.78098780210865,12.711549167042275],[92.77699961475186,12.717913620488508],[92.78066944203653,12.717200955493498],[92.78247118033607,12.718719859628214]]],[[[92.78190516876593,12.719034091474436],[92.78100129467815,12.717970363208794],[92.78064716788737,12.718468517154689],[92.78190516876593,12.719034091474436]]],[[[92.76803377457375,12.862075996580373],[92.78506907510597,12.832568382276714],[92.78397528124863,12.824699173625858],[92.76803377457375,12.862075996580373]]],[[[92.75943738528622,12.859559756779127],[92.76562560864869,12.84942214574371],[92.76525849461254,12.836061160599545],[92.75943738528622,12.859559756779127]]],[[[92.76502892596159,12.872955243533045],[92.76566822048957,12.861384211063694],[92.76533708358855,12.855273209135788],[92.7602471699403,12.868344379138362],[92.76502892596159,12.872955243533045]]],[[[92.75591810590961,12.878821687151657],[92.75771455061931,12.875976857961616],[92.75586044140414,12.876334158045335],[92.75591810590961,12.878821687151657]]],[[[92.83140934549009,12.885211039611168],[92.83196696283477,12.885809938248638],[92.83216735194702,12.885665201991062],[92.83140934549009,12.885211039611168]]],[[[92.83065147661004,12.885789738914537],[92.83108915185008,12.885324138571871],[92.83046028841437,12.885683543932892],[92.83065147661004,12.885789738914537]]],[[[92.8339252854898,12.886919106740597],[92.83547127835065,12.8875426762905],[92.8337040721353,12.886494408858516],[92.8339252854898,12.886919106740597]]],[[[92.78169510116204,12.88392036304255],[92.79007830053084,12.889805600765136],[92.78810402385058,12.883097975308493],[92.78169510116204,12.88392036304255]]],[[[92.87920931816313,12.905745127335074],[92.8802141891585,12.90315086644269],[92.87860608342882,12.902258721808252],[92.87920931816313,12.905745127335074]]],[[[92.79099672124178,12.917267926055052],[92.79199041514416,12.892232782280786],[92.77351303630165,12.906275573990543],[92.79099672124178,12.917267926055052]]],[[[92.87953166222509,12.907408487119524],[92.87738620841509,12.910347904157033],[92.87866298090216,12.91291567105032],[92.87953166222509,12.907408487119524]]],[[[92.86400808448536,12.912684531810612],[92.86333826807268,12.914910835151044],[92.86448046828276,12.912808715410966],[92.86400808448536,12.912684531810612]]],[[[92.76793644152345,12.916247306882822],[92.76817266668951,12.917548476849698],[92.76818815687092,12.916158238662474],[92.76793644152345,12.916247306882822]]],[[[92.76652362306226,12.921970492517966],[92.76122660461105,12.921956359275361],[92.76518451958903,12.92608799118144],[92.76652362306226,12.921970492517966]]],[[[92.7687464231887,12.928682797232549],[92.77381371451067,12.921195939210506],[92.77183256471467,12.917591123242817],[92.7687464231887,12.928682797232549]]],[[[92.85973690570465,12.933595851640158],[92.88553450265404,12.923549412751848],[92.86267788079954,12.91804783614814],[92.85973690570465,12.933595851640158]]],[[[92.75907981550023,12.93515880499307],[92.76573501288671,12.928212483226305],[92.76247960217293,12.92548432975352],[92.75907981550023,12.93515880499307]]],[[[92.87754965324389,12.962281272514373],[92.8788571842753,12.96196067381221],[92.87866062308551,12.960909460892607],[92.87754965324389,12.962281272514373]]],[[[92.88327209967949,12.965318100311443],[92.88296839981312,12.965419200131302],[92.88314749986208,12.965512600336462],[92.88327209967949,12.965318100311443]]],[[[92.8827192335845,12.96610473771529],[92.88161311807963,12.96575202031544],[92.88170057971094,12.966561105828351],[92.8827192335845,12.96610473771529]]],[[[92.88627346971668,12.979041201553743],[92.88682180147948,12.980365613110282],[92.88705237661334,12.979219801223826],[92.88627346971668,12.979041201553743]]],[[[92.8308638504805,13.001378053186885],[92.83307849340896,13.002052000754258],[92.8310577674326,13.000025544262643],[92.8308638504805,13.001378053186885]]],[[[92.78755369985363,13.010910599902564],[92.78658769979505,13.011738600398864],[92.78776069973284,13.011462600326011],[92.78755369985363,13.010910599902564]]],[[[92.78473906694867,13.013220333143442],[92.78449941775294,13.01357718134094],[92.78470218251493,13.013631509560076],[92.78473906694867,13.013220333143442]]],[[[92.78550187751979,13.055675276659226],[92.78551575194943,13.055223481598619],[92.78527607529251,13.055259608677101],[92.78550187751979,13.055675276659226]]],[[[92.78814453669774,13.060460730856105],[92.78752687109389,13.060623355073362],[92.7880752464809,13.060917087810957],[92.78814453669774,13.060460730856105]]],[[[92.79503130523199,13.075325217118664],[92.79468312047634,13.076789194114244],[92.79495499532621,13.076974470244068],[92.79503130523199,13.075325217118664]]],[[[92.79359560212282,13.092852402841883],[92.79267364274806,13.092660239742177],[92.79288105769587,13.093387678358347],[92.79359560212282,13.092852402841883]]],[[[92.79292713323092,13.093638484834212],[92.792791055951,13.094115223992494],[92.79325666493277,13.094036162116465],[92.79292713323092,13.093638484834212]]],[[[92.8400452540851,13.143611481269918],[92.84075994336001,13.143349325475485],[92.84020196260478,13.142929143440998],[92.8400452540851,13.143611481269918]]],[[[92.80863516295993,13.148074107667506],[92.80777977194049,13.149330288122096],[92.80856819960415,13.149904144220839],[92.80863516295993,13.148074107667506]]],[[[92.80735670011713,13.15256769954779],[92.80625269964611,13.152705700028347],[92.80721870004712,13.15291269945565],[92.80735670011713,13.15256769954779]]],[[[92.8043165235742,13.153774119410803],[92.80429817902349,13.152188097196026],[92.80336212345881,13.15299679896351],[92.8043165235742,13.153774119410803]]],[[[92.80927548411759,13.163134834412336],[92.80955219371879,13.16400245976764],[92.8095014552927,13.162845633242682],[92.80927548411759,13.163134834412336]]],[[[92.8098448486602,13.16732370600629],[92.80953366643772,13.166758810589538],[92.80923160526075,13.16713383508704],[92.8098448486602,13.16732370600629]]],[[[92.80989558146216,13.169185402368505],[92.8099001663785,13.168525648741536],[92.80914390891515,13.169049755483634],[92.80989558146216,13.169185402368505]]],[[[92.79323888478558,13.167665724241088],[92.7960977820584,13.17072971278842],[92.79635391906716,13.16800040428413],[92.79323888478558,13.167665724241088]]],[[[92.79258370379074,13.171239951918427],[92.79154146254278,13.171275943337509],[92.7921270603267,13.1717414766027],[92.79258370379074,13.171239951918427]]],[[[92.8260140104353,13.208724322967909],[92.82321891543191,13.206797108926763],[92.82248554133034,13.206941772168921],[92.82272542929323,13.208197922369727],[92.82459340380984,13.208993177376911],[92.8260140104353,13.208724322967909]]],[[[92.82659515929382,13.208936635912783],[92.82552522442104,13.211286475179694],[92.82731933415167,13.210414248103975],[92.82659515929382,13.208936635912783]]],[[[92.82782670162328,13.210328354901035],[92.82770690052077,13.211652416504817],[92.82868460707907,13.210884117720285],[92.82782670162328,13.210328354901035]]],[[[92.83918368629668,13.249155414444708],[92.83887221576099,13.248628944109516],[92.83869240834609,13.248895584810901],[92.83918368629668,13.249155414444708]]],[[[92.84040770024562,13.249374700054268],[92.83951069969548,13.24978869927887],[92.8402696996157,13.249995699815567],[92.84040770024562,13.249374700054268]]],[[[92.81306731243018,13.287138347332865],[92.81922353997126,13.285435807334517],[92.81675564841946,13.281616104834363],[92.81306731243018,13.287138347332865]]],[[[92.79976389348667,13.285783433538715],[92.80024812494688,13.286768871377028],[92.80010083520528,13.285521387543074],[92.79976389348667,13.285783433538715]]],[[[92.79362570022296,13.288083700095731],[92.79300469937849,13.28711769962815],[92.79272869938399,13.28773869952773],[92.79362570022296,13.288083700095731]]],[[[92.8169476996788,13.2989856993518],[92.81660270006235,13.298019699928448],[92.8161196997298,13.298847699850233],[92.8169476996788,13.2989856993518]]],[[[92.82913867589154,13.369318901754964],[92.82979431813122,13.36848739408932],[92.82903729608194,13.368369748899108],[92.82913867589154,13.369318901754964]]],[[[92.81078707695109,13.432025499940616],[92.81757645241248,13.403987073118742],[92.80659849396402,13.401159596249517],[92.81078707695109,13.432025499940616]]],[[[92.8460418251904,13.419693144317135],[92.84722842142742,13.419666153725784],[92.84661439606126,13.419241240187699],[92.8460418251904,13.419693144317135]]],[[[92.86170757986247,13.420797177672176],[92.86226616743649,13.422555354848743],[92.86288030402687,13.42132603168998],[92.86170757986247,13.420797177672176]]],[[[92.84118510794701,13.450466963308259],[92.83869125469973,13.420740794428418],[92.82080918891793,13.420615645190301],[92.84118510794701,13.450466963308259]]],[[[92.86955610301483,13.45417515259819],[92.86961614374394,13.45361923538544],[92.86932060585845,13.453723182200417],[92.86955610301483,13.45417515259819]]],[[[92.87097469978247,13.454649700152627],[92.87049169978633,13.45506370007459],[92.87104369970552,13.455063700053289],[92.87097469978247,13.454649700152627]]],[[[92.86592629769682,13.461863002880346],[92.8650580576735,13.463932977241152],[92.86719615783889,13.464204221232222],[92.86592629769682,13.461863002880346]]],[[[92.86884122081565,13.514338326814928],[92.87251338692164,13.501760038395672],[92.86511403824228,13.503133916300651],[92.86884122081565,13.514338326814928]]],[[[92.87359428952472,13.54118529723542],[92.87764094461757,13.537818073059666],[92.8754050853844,13.535287090790787],[92.87359428952472,13.54118529723542]]],[[[92.995490480332,11.945855873703197],[92.99483378353466,11.946660727429826],[92.99555475509659,11.946828042864658],[92.995490480332,11.945855873703197]]],[[[92.96466672274249,12.049424598882768],[92.97499726830164,12.01617033557293],[92.97296213372883,12.043158540504345],[93.0147836187485,12.027297714659388],[93.00710425497145,12.002990604817118],[93.05408678207414,11.90278642844593],[93.04410455377057,11.883717332241586],[92.99233404311745,11.934518968517153],[93.01537923990507,11.938267242908305],[93.00159873102574,11.947514469356275],[93.00839901431857,11.955111361760322],[93.00851807160828,11.95587534548918],[93.00693781201527,11.958220708596874],[92.97508699754304,11.94554606370065],[92.95844295393351,11.980949582083962],[92.92295085801005,11.998442292483587],[92.96466672274249,12.049424598882768]]],[[[92.97118854865724,12.036053002744506],[92.97215069133968,12.03607552419028],[92.97131015831704,12.035399813306139],[92.97118854865724,12.036053002744506]]],[[[92.98964951975866,12.036886305895857],[92.98908372698631,12.037859300346522],[92.99021899948681,12.037462567397512],[92.98964951975866,12.036886305895857]]],[[[92.97757040732631,12.042007530704804],[92.97747854079533,12.041946571397293],[92.97742571289893,12.041975958912746],[92.97757040732631,12.042007530704804]]],[[[92.97726960250044,12.042231330494536],[92.9772696789131,12.042425672691635],[92.97734769103293,12.042267510523402],[92.97726960250044,12.042231330494536]]],[[[92.97679893561202,12.042369295812811],[92.97685401992216,12.042464437956722],[92.97689769546636,12.0423940824289],[92.97679893561202,12.042369295812811]]],[[[92.97623876517397,12.042751332834104],[92.97624787176422,12.042613422294533],[92.97614460008086,12.042710630002869],[92.97623876517397,12.042751332834104]]],[[[92.97570369904618,12.042828247507497],[92.97587595428092,12.04288017068231],[92.97589204108813,12.042767219921693],[92.97570369904618,12.042828247507497]]],[[[92.97437193324077,12.042814839229147],[92.97433067357132,12.042916574085073],[92.9744326634781,12.042860070762831],[92.97437193324077,12.042814839229147]]],[[[92.9752008835774,12.042875773002278],[92.97524748518542,12.042917432561756],[92.9752580889873,12.04286109386951],[92.9752008835774,12.042875773002278]]],[[[92.97772165939374,12.04248151771417],[92.9777428313446,12.043411073307762],[92.97811476102939,12.04296571586992],[92.97772165939374,12.04248151771417]]],[[[92.97492760546444,12.04301206281561],[92.97484465143535,12.043045499544364],[92.97489088833161,12.04311087407697],[92.97492760546444,12.04301206281561]]],[[[92.97868195902298,12.043182616887965],[92.97866587234235,12.04330470108864],[92.97871640189398,12.043309226681687],[92.97868195902298,12.043182616887965]]],[[[92.97864288839016,12.043517128557061],[92.97798619867774,12.043417783926499],[92.97841566402536,12.043862929827679],[92.97864288839016,12.043517128557061]]],[[[92.97880144378568,12.043727307405128],[92.97893457152853,12.043645926441146],[92.97886051645358,12.043604732721963],[92.97880144378568,12.043727307405128]]],[[[92.9782549728234,12.043957872836838],[92.97830319838074,12.044055092708083],[92.97831239219917,12.043962398534145],[92.9782549728234,12.043957872836838]]],[[[92.97875326129241,12.044278767980773],[92.97862465936042,12.044034677597672],[92.97869124792713,12.044285545192514],[92.97875326129241,12.044278767980773]]],[[[92.96720352988167,12.06513201693275],[92.97058588021844,12.063282927161413],[92.9680597652605,12.062582523736603],[92.96720352988167,12.06513201693275]]],[[[92.9647075429117,12.066601354988908],[92.96400923692148,12.064646459808738],[92.96152019835671,12.066269415960711],[92.9647075429117,12.066601354988908]]],[[[92.9578883836594,12.108549529967325],[93.0050275740469,12.100635363493282],[92.99414217896438,12.04368386022449],[92.97492420829902,12.067221710569035],[92.95643884269892,12.073072804925118],[92.9717715203445,12.086588987130618],[92.9578883836594,12.108549529967325]]],[[[92.95651833959172,12.092220347862597],[92.9569498544926,12.089811091642275],[92.95582465752327,12.091189845405681],[92.95651833959172,12.092220347862597]]],[[[92.94547489897155,12.119721870993992],[92.95729968428337,12.099226688835666],[92.95013087881857,12.079236520144198],[92.94547489897155,12.119721870993992]]],[[[92.99132904764879,12.109751781974872],[92.9920781238778,12.111514523372753],[92.99252569086717,12.109875885672425],[92.99132904764879,12.109751781974872]]],[[[92.97772533635298,12.109374513190991],[92.97580334631584,12.111815692853233],[92.97655060778574,12.11219028453522],[92.97772533635298,12.109374513190991]]],[[[92.97258389616307,12.116541981882442],[92.97294663843134,12.11531465836287],[92.97194077928087,12.1158821205007],[92.97258389616307,12.116541981882442]]],[[[92.95937332207697,12.11920230345292],[92.96346783561542,12.115295432658792],[92.96258811222344,12.11397049418365],[92.95937332207697,12.11920230345292]]],[[[92.96070512884636,12.11941582959205],[92.96034469392096,12.120785479017394],[92.96101297724445,12.119474562918764],[92.96070512884636,12.11941582959205]]],[[[92.9561642953788,12.127245720104277],[92.95732001234501,12.124038007996257],[92.95638974216433,12.12330807263897],[92.9561642953788,12.127245720104277]]],[[[92.95585977092276,12.131268898312436],[92.95694612251762,12.13020204644943],[92.95538877931692,12.130683633280494],[92.95585977092276,12.131268898312436]]],[[[92.98779455482214,12.146678717719588],[92.99784260683664,12.14594909923147],[92.9931742719919,12.136120746486581],[93.000970362499,12.110970161476972],[92.95424762494613,12.135743989666434],[92.95660306230948,12.149964389346458],[92.97591601465129,12.143941395673815],[92.98779455482214,12.146678717719588]]],[[[92.98738649007018,12.150923258128877],[92.98810088753552,12.151056404717009],[92.98778603290492,12.150493719005787],[92.98738649007018,12.150923258128877]]],[[[92.98455700465705,12.154298080598197],[92.98524435421656,12.156894803557941],[92.98574049778287,12.156661872734102],[92.98455700465705,12.154298080598197]]],[[[92.92395149839433,12.216418187317457],[92.94052678586417,12.215236450992164],[92.93206944798897,12.195505874567457],[92.92395149839433,12.216418187317457]]],[[[92.90099649582355,12.261576693137723],[92.9007509215493,12.259049934665946],[92.89766473151856,12.258674334513774],[92.8971912100961,12.25620714415154],[92.90515244328931,12.252019386091215],[92.90446361106024,12.247607962040215],[92.91369572323534,12.232152231525665],[92.91350822964338,12.22108688010776],[92.89104418794818,12.23131546848143],[92.87749014800187,12.209308215144558],[92.8696880043687,12.244843312446033],[92.87732021419184,12.248959555614112],[92.87911956194556,12.238251651240088],[92.88464803835642,12.23856916087582],[92.88425309121143,12.2489654319077],[92.90099649582355,12.261576693137723]]],[[[92.91093025877515,12.245009552390725],[92.91216887101379,12.244480827881652],[92.91166802683551,12.243497671659615],[92.91093025877515,12.245009552390725]]],[[[92.91031181124349,12.2479317584485],[92.91158474803343,12.24903480554411],[92.9114907565563,12.24716120226445],[92.91031181124349,12.2479317584485]]],[[[92.90576407864688,12.249309976608782],[92.90786897699168,12.249380225172361],[92.90606742826577,12.248690710395218],[92.90576407864688,12.249309976608782]]],[[[92.91080330444525,12.250784055693286],[92.91175107241696,12.250026677480957],[92.91099250448691,12.249784027792476],[92.91080330444525,12.250784055693286]]],[[[92.90626000337863,12.25276980557426],[92.90785034403274,12.251165710388289],[92.90625089271285,12.251177992337583],[92.90626000337863,12.25276980557426]]],[[[92.90704819456876,12.253411776391834],[92.9076363004096,12.254648089022693],[92.90859221079994,12.255278716286634],[92.90704819456876,12.253411776391834]]],[[[92.90493154727997,12.254754067072101],[92.90495916560408,12.254137058355305],[92.90469947839857,12.254243226910527],[92.90493154727997,12.254754067072101]]],[[[92.91752406595305,12.254754412622225],[92.91880222953012,12.254382438830767],[92.91779597220614,12.253816232549338],[92.91752406595305,12.254754412622225]]],[[[92.91918237008625,12.255218267803203],[92.9204742609218,12.255589663064733],[92.9195169435723,12.25442004447239],[92.91918237008625,12.255218267803203]]],[[[92.91777280092306,12.256593938616128],[92.91904973711243,12.256309380390254],[92.91776205367486,12.255926111318752],[92.91777280092306,12.256593938616128]]],[[[92.9085782193682,12.256677786955239],[92.90685700916188,12.257226769987689],[92.90782664855455,12.25832982221923],[92.9085782193682,12.256677786955239]]],[[[92.89996972812887,12.257883623695427],[92.90053740464886,12.257614702060355],[92.89981583002407,12.257589754901874],[92.89996972812887,12.257883623695427]]],[[[92.90268893296873,12.256922096587145],[92.90130778887573,12.260117352120252],[92.90251889079839,12.260788857692646],[92.90268893296873,12.256922096587145]]],[[[92.91317151045078,12.26048528609169],[92.91410371797535,12.26200035817055],[92.91434228641664,12.260564932320145],[92.91317151045078,12.26048528609169]]],[[[92.91592123134721,12.262068992828404],[92.91733676582487,12.261416731779464],[92.91566739704628,12.26144552220385],[92.91592123134721,12.262068992828404]]],[[[92.91410679320538,12.263208588287675],[92.91586989131564,12.263125453592913],[92.91494658910952,12.262691521148396],[92.91410679320538,12.263208588287675]]],[[[92.90205134351045,12.263639226314064],[92.90196465323643,12.264159368480462],[92.90209697010157,12.263634663955392],[92.90205134351045,12.263639226314064]]],[[[92.93375233746004,12.310778496992006],[92.94301506534342,12.274797905678202],[92.92215174018233,12.22927798125266],[92.919865314795,12.269136204129746],[92.90036547229344,12.271220405489274],[92.90091253234907,12.28823879971797],[92.91339074975058,12.304096763764237],[92.92753834997656,12.27808646340178],[92.93375233746004,12.310778496992006]]],[[[92.88967687841982,12.297525961898351],[92.89064522672314,12.293426350599365],[92.88692179984888,12.293816693540725],[92.88967687841982,12.297525961898351]]],[[[92.90608000743757,12.339730500963435],[92.90370547837809,12.33961040272575],[92.90392365155246,12.341108838371667],[92.90608000743757,12.339730500963435]]],[[[92.91907396935294,12.351167505480028],[92.90674181486105,12.341671927953099],[92.91393102402493,12.356365305731542],[92.91907396935294,12.351167505480028]]],[[[92.8971340355485,12.39675807916429],[92.89658760386139,12.392014218634065],[92.89443720294864,12.395946340257753],[92.8971340355485,12.39675807916429]]],[[[92.95726656811091,12.434148046252377],[92.93234033949679,12.35958906084907],[92.91642909705295,12.362871679516353],[92.93085858425826,12.418346657415297],[92.95726656811091,12.434148046252377]]],[[[92.8986149423407,12.411446442328867],[92.8964559600693,12.410634741525302],[92.897872100331,12.412280302422113],[92.8986149423407,12.411446442328867]]],[[[92.90182848500832,12.413276711861085],[92.90190757403825,12.41193949382262],[92.90133731622628,12.412072765650082],[92.90182848500832,12.413276711861085]]],[[[92.88828800829484,12.414498091663269],[92.88851359071019,12.413189556797297],[92.88794556154602,12.413684434503532],[92.88828800829484,12.414498091663269]]],[[[92.90337851231685,12.423291210879235],[92.8982300550884,12.421769446144003],[92.89925734894128,12.426079490498546],[92.90337851231685,12.423291210879235]]],[[[92.91496275145151,12.441334034232181],[92.91579719768856,12.442028310958928],[92.91582123489755,12.441341061431288],[92.91496275145151,12.441334034232181]]],[[[92.96834403648596,12.741480345927807],[92.96881798016278,12.740577039630528],[92.96840351562058,12.740404636895484],[92.96834403648596,12.741480345927807]]],[[[92.9671198138098,12.743130470316531],[92.96833495449505,12.741841925229402],[92.96812313178111,12.741796804367072],[92.9671198138098,12.743130470316531]]],[[[92.96077380399028,12.755287107407984],[92.96025814962567,12.755594619953902],[92.96029958227606,12.755924507815678],[92.96077380399028,12.755287107407984]]],[[[92.9588953542998,12.75752933687409],[92.95873861720399,12.756729300965993],[92.9584578422512,12.757529394067323],[92.9588953542998,12.75752933687409]]],[[[92.95492115210784,12.757740157013854],[92.95598016118065,12.756646151436708],[92.95407377599145,12.757636266378992],[92.95492115210784,12.757740157013854]]],[[[92.9406670625551,12.769830529432621],[92.93987490508614,12.76869607402859],[92.93929460958157,12.769035186727992],[92.9406670625551,12.769830529432621]]],[[[92.94474067018217,12.771136428579577],[92.94523800094093,12.770431239120924],[92.94299276370378,12.76966763232323],[92.94474067018217,12.771136428579577]]],[[[92.89141325712355,12.897567005646582],[92.89239482509306,12.899656532663558],[92.89262953450152,12.898040465285375],[92.89141325712355,12.897567005646582]]],[[[92.9290596041823,12.916954754570845],[92.93738613146242,12.914791378672298],[92.93347378312336,12.911471752241837],[92.9290596041823,12.916954754570845]]],[[[92.88950722546048,12.932877339332212],[92.89015252353522,12.931426469071559],[92.88896807590731,12.932154094380634],[92.88950722546048,12.932877339332212]]],[[[92.88740846580228,12.933128596544444],[92.89327172754717,12.937524140349092],[92.89327651799422,12.93645745849383],[92.88740846580228,12.933128596544444]]],[[[92.90022335061394,12.940392620358974],[92.90231095000345,12.940510256717458],[92.90280652500819,12.937373470868076],[92.90094241898196,12.938756459505752],[92.90025105602506,12.939655824506117],[92.90038928671852,12.939845673953895],[92.90026027597767,12.93994962668568],[92.90037544905847,12.940166597433054],[92.90022335061394,12.940392620358974]]],[[[92.90037544905847,12.940166597433054],[92.89909196055942,12.940358635851185],[92.89840289144495,12.941542752332229],[92.90037544905847,12.940166597433054]]],[[[92.90051352625213,12.94231809108481],[92.9019284462484,12.940781426621859],[92.89907115086498,12.94229540598526],[92.90051352625213,12.94231809108481]]],[[[92.89906427041596,12.942125457290022],[92.89822312447035,12.942363145471013],[92.89857339690363,12.94257105705412],[92.89906427041596,12.942125457290022]]],[[[93.00789808205099,12.998419635823554],[92.98139194244582,12.96790494420428],[92.98207430622757,12.93203440008226],[92.95320473282531,12.93427520447623],[92.97259013120787,12.946385933454792],[92.95371176055279,12.957923315991199],[92.9578317841513,12.989490043649283],[92.9720027074651,12.970253729197694],[93.00789808205099,12.998419635823554]]],[[[92.8885501443336,12.981416624172343],[92.88851794059445,12.9807160736496],[92.88810765355309,12.981109288155269],[92.8885501443336,12.981416624172343]]],[[[92.89335491976753,12.984219510825152],[92.8934080425967,12.983116587150679],[92.89279042044562,12.983125606327334],[92.89335491976753,12.984219510825152]]],[[[92.97697593378297,12.987324271553808],[92.97800984665321,12.986606570835873],[92.97722771374099,12.986176377138705],[92.97697593378297,12.987324271553808]]],[[[92.97393520047123,12.993740500155235],[92.97378680032084,12.993699700055016],[92.97385200047263,12.993826000565756],[92.97393520047123,12.993740500155235]]],[[[92.97334651379788,12.994490357587875],[92.97284856809414,12.994158296495947],[92.97288323349213,12.99442044653125],[92.97334651379788,12.994490357587875]]],[[[92.97051962369429,12.999291150612594],[92.97016698768971,12.999406433729916],[92.97030991427876,12.999598506052507],[92.97051962369429,12.999291150612594]]],[[[92.9866814149358,13.00141141503491],[92.98742728393667,12.997973688941824],[92.98521037824979,12.998626377731402],[92.9866814149358,13.00141141503491]]],[[[92.93004335639549,13.02528823241573],[92.94622754514877,12.99873728355558],[92.94159901132257,12.994170543797447],[92.91322134425279,13.01182279324282],[92.92068569481478,13.031308570151202],[92.93004335639549,13.02528823241573]]],[[[92.94928054087485,13.01859594610552],[92.9441911229328,13.025559008026953],[92.94838475378943,13.024677682360084],[92.94928054087485,13.01859594610552]]],[[[92.9302542003954,13.027722400647063],[92.93122990020161,13.02871390049012],[92.93112150038735,13.027478600354549],[92.9302542003954,13.027722400647063]]],[[[92.932151955483,13.04874753117348],[92.93036838451222,13.053265936685795],[92.93140079780292,13.054431677449177],[92.932151955483,13.04874753117348]]],[[[92.91577333199258,13.063208044615301],[92.91204947446955,13.058158432048234],[92.91306972852091,13.067303814253696],[92.91577333199258,13.063208044615301]]],[[[92.91307894661564,13.068166842786821],[92.91410210394021,13.068794983677726],[92.91414372384612,13.067249650779424],[92.91307894661564,13.068166842786821]]],[[[92.910912041172,13.074076783143246],[92.90982625718776,13.076435260965269],[92.91182476457469,13.073819272151264],[92.910912041172,13.074076783143246]]],[[[92.82990694605425,13.212149344719931],[92.825512186755,13.237172309163972],[92.85042412931266,13.238625047514093],[92.85224171595092,13.221858277414293],[92.85519449897922,13.21946970519599],[92.84780534854414,13.212726170540416],[92.84832360035715,13.208080818085378],[92.84990095225892,13.207488624827787],[92.85418629247572,13.20905421167269],[92.85848410746715,13.206129474675521],[92.8612394395012,13.206378389997594],[92.85821788915473,13.200774823576273],[92.85912623362837,13.199373808131787],[92.86292599672292,13.196469876490577],[92.85717019405016,13.196224605670494],[92.85607693092813,13.19516292552295],[92.85537743229385,13.190739201016312],[92.85661265812703,13.188240205773544],[92.858277831713,13.18766606259197],[92.86043229163006,13.191737009772483],[92.86091071220284,13.185519190810254],[92.86166913930892,13.184294468832023],[92.86311962621868,13.18482510292115],[92.86051354418916,13.192033827115687],[92.8557268878806,13.190536350198489],[92.8638114020558,13.196081076659778],[92.8621185948942,13.206601027104124],[92.85460575444752,13.209690897537968],[92.84894369632659,13.208388936701631],[92.85601659395482,13.219636398703145],[92.85483675691783,13.233957995507918],[92.85152468382175,13.239657585375372],[92.84249570910055,13.24081790279439],[92.83901893027095,13.2458958239395],[92.85017195341868,13.262173021800479],[92.85513143836829,13.25058897815243],[92.85467031409043,13.254060485276325],[92.85802016081738,13.252257341921194],[92.85944561390106,13.2564969321218],[92.86047005143301,13.254106050821616],[92.86238951107696,13.25294005300796],[92.86885359690197,13.254603519493127],[92.8703992248955,13.258305202143307],[92.81109645487042,13.270826204461482],[92.8408174877155,13.301204283116384],[92.82046391820927,13.310845894160144],[92.8300157830407,13.369093070670344],[92.84935188407624,13.377814148335656],[92.84787619896957,13.363454951985307],[92.84998612108173,13.359373877548563],[92.85158329743018,13.358732226326149],[92.85436205523384,13.359175383596991],[92.86973724456647,13.390678311390417],[92.84042250186754,13.388452465035808],[92.8420632027714,13.409649964609487],[92.87048481144579,13.413986297629203],[92.87298725426446,13.402393350913252],[92.87892889836314,13.396133543653528],[92.88270527725157,13.395084872193783],[92.88257135007329,13.393869082684267],[92.88013376118892,13.393014936913463],[92.87916885112418,13.39111217356098],[92.88570470861566,13.367220891970499],[92.88576163049608,13.398036095726368],[92.88908078298269,13.39419870720327],[92.89388672292478,13.394781408115223],[92.8949528948548,13.391735057215492],[92.89863222526347,13.391043209836111],[92.89847500680322,13.388543841263585],[92.90291163367773,13.389935430255132],[92.90233890017505,13.387531025206881],[92.90597600287045,13.382378148480887],[92.91597509797475,13.382408314059909],[92.9247663389259,13.390207662085412],[92.90724554875213,13.382667243567175],[92.90395551886591,13.394341995650535],[92.89872897618073,13.389140414237017],[92.89900617246234,13.391110968027636],[92.89312507277668,13.395933986363648],[92.88897464249865,13.394854067659463],[92.89942751978715,13.402803334044956],[92.89678765998787,13.412611283242647],[92.87450155293627,13.402067933996447],[92.87320878678766,13.436358679170537],[92.89000604703767,13.423061292971024],[92.89858043386891,13.426161086240299],[92.8989870219859,13.428764374550777],[92.87082609454177,13.44513133009146],[92.87422004884151,13.459639452956623],[92.86886765835686,13.473998346956515],[92.89822425154442,13.465147719377354],[92.9018622342608,13.496287716459221],[92.92489557797,13.498923545323317],[92.9246931307706,13.480786255226473],[92.93181910525492,13.480739511265929],[92.92106151297432,13.472348781086147],[92.91870082672195,13.467883798899134],[92.92078722684978,13.463051907324347],[92.91957747712905,13.463820472223661],[92.91556904339174,13.463473158629322],[92.92015914346592,13.462812482591307],[92.91850099246393,13.461108873435064],[92.91836621958637,13.456498849214547],[92.92037005867661,13.455020558040193],[92.93222335420253,13.471862827299306],[92.92761984476995,13.475131564091209],[92.93282133865664,13.481024014842157],[92.9274817293447,13.497702701550963],[92.93040470850642,13.495202696150482],[92.93480502597353,13.50002413687131],[92.91325750628212,13.51236443338546],[92.92716120303322,13.514684892578527],[92.92614654949351,13.521618290405419],[92.932908677307,13.520251803830062],[92.93611619252172,13.527184174565395],[92.93942751954975,13.524674892959723],[92.94132635640769,13.525840448743907],[92.94002760792698,13.523205840027185],[92.94045685535805,13.522003491799051],[92.94181484420862,13.521826851459398],[92.94324717832467,13.52315523090459],[92.94387438470844,13.519756263937628],[92.94426692403856,13.519462373517005],[92.9451724598462,13.520081305530438],[92.9380297720485,13.53158583086171],[92.91444136007745,13.52042734270674],[92.91355235628502,13.53509835310172],[92.96520796699045,13.549977811041078],[92.97964356508557,13.526975467327652],[92.98703473713252,13.527691364266689],[92.98621030178097,13.523018052338804],[92.99200689371611,13.522016834225152],[92.99056830825235,13.51788166172251],[92.99540552799785,13.519900081793978],[92.99576350849166,13.524415360542726],[92.99983823499228,13.523388045096334],[92.9999999999421,13.523913492645471],[92.9954865527272,13.524804193771542],[92.99473587970134,13.52014896102779],[92.99102361357936,13.523246662515598],[92.98699581084956,13.523537542054651],[92.99103139486057,13.539057443312965],[92.98208807403813,13.569439482232095],[93.01051602333769,13.548662556450557],[93.02732946474151,13.57939980532286],[93.0431650106975,13.50490553431049],[93.03372368257217,13.465861941494278],[93.00511141662098,13.46328215414874],[93.02989591492167,13.461077134550532],[93.03659659099196,13.441285710570936],[92.9965192607014,13.441060828942899],[92.98908778572942,13.4274059384486],[93.0390401144652,13.427912812967326],[93.04633142062671,13.404563084173567],[93.06106433216736,13.421471945663741],[93.06849682043665,13.396629607717948],[93.05112046288254,13.389798202084439],[93.04704284845802,13.37461021814674],[93.04192384404799,13.381960129924732],[93.012879057331,13.37730128403413],[93.00364972909595,13.392393446131205],[92.99920718366766,13.395949788055033],[92.97962935177668,13.37991740220236],[93.00318006196122,13.389603629811203],[93.01412884029358,13.370737004914135],[93.03432547658645,13.374398079717304],[93.031437074104,13.343896817045817],[92.99918885613485,13.35049481083237],[92.98416207997023,13.328015901612849],[92.97304264613423,13.359341960539279],[92.94540451753316,13.3510215003906],[92.95191427056517,13.326943156020105],[92.96117585409408,13.32308031059055],[92.94946635382713,13.321185798603047],[92.94790104754523,13.318736581390603],[92.94842676068154,13.317375996317601],[92.99697227226689,13.314893846582185],[92.98269537029815,13.299226038922352],[92.98289343683341,13.298398848360872],[92.98466057302194,13.297674930161739],[92.98627925405049,13.295278774925455],[92.99024216255042,13.292877025930107],[92.99055088132991,13.291905147434186],[92.98616214766925,13.291504870315407],[92.98429126365147,13.287207446545727],[92.98167066089799,13.288288782007518],[92.98062941833285,13.281532252462588],[92.97836007384782,13.283811129764942],[92.97386014069515,13.281905620553154],[92.98105843964716,13.281247329751706],[92.99250759944792,13.292107628399956],[92.9943981348553,13.279772452494957],[93.0000000002487,13.280854286772863],[92.99719828689477,13.290186800590554],[92.98635949487546,13.299156647728474],[92.99504354566157,13.29711878638945],[93.00084307858997,13.298725625846183],[93.00253008671126,13.303907794420232],[93.02100821291062,13.296772379328438],[93.01202075478905,13.295588527923156],[93.01109234085784,13.276824894790042],[93.02535331818227,13.28257283756494],[93.0335532944472,13.277607028832744],[93.04571933892393,13.282747224940492],[93.03974140954084,13.269769291347371],[93.04370690401208,13.254267158849828],[93.06580137596842,13.273782455328377],[93.03175438338297,13.178583658627531],[93.03432644990639,13.081416800410155],[93.00343680779618,13.02815569244986],[92.96641361583924,13.029686497010374],[92.97469877895331,13.014243790082597],[92.95963930456445,13.014228009369052],[92.93319581961745,13.042238782087274],[92.95673089871632,13.065638090781153],[92.93729382886869,13.06544972381601],[92.94558514772385,13.08965683090686],[92.93935735044171,13.088570416634791],[92.94614101964036,13.123514376920653],[92.94445168163934,13.133907532852586],[92.93975141043599,13.140125361584895],[92.94038313413678,13.140735328147242],[92.94209600339913,13.139564885183782],[92.94329251076978,13.139750158461743],[92.9412225773732,13.145525000387583],[92.93926873055528,13.139981007859861],[92.94569832167448,13.123719662663797],[92.9335935229328,13.109292933552199],[92.93455125821448,13.060596960630441],[92.92872290218061,13.072536948414838],[92.92259297464277,13.053489406547742],[92.91222756224681,13.079982469160793],[92.90087421866544,13.081866494262947],[92.89886226605935,13.09551321469849],[92.88711432536098,13.093340056356876],[92.89241674709874,13.100755941685405],[92.89229437008264,13.103314669898737],[92.87716883728798,13.149908841706779],[92.87299148691673,13.149080906922311],[92.88876198131351,13.107926133270793],[92.8814870861095,13.108401364094862],[92.87319918663378,13.103462917642878],[92.88896736191634,13.10710150815365],[92.88556795626471,13.092300509133322],[92.91213865976788,13.06679312510559],[92.8950648596147,13.058662391180931],[92.88578006302318,13.045360776585488],[92.85803252527982,13.0799013088822],[92.84358977069475,13.050892510031304],[92.86028389068024,13.0655978198306],[92.86355675784645,13.043651288603423],[92.87006463829519,13.054799232335903],[92.87258079352942,13.043520886524536],[92.88651316300844,13.043903728804546],[92.8970974918911,13.05814983922762],[92.91458240078869,13.055531230522847],[92.92110710069504,13.039690215470273],[92.90825304637393,13.019395054931806],[92.90219497367347,13.022740116793901],[92.89634509216019,13.02007796027434],[92.89533614107447,13.018082979717471],[92.91046834059621,13.007516640621922],[92.90158931500868,13.002443850802198],[92.90150126528826,13.00636568002395],[92.89774544504604,13.008054971491525],[92.89980968120598,13.009677371548786],[92.89767133764471,13.011046109622374],[92.89647804455926,13.009509643419744],[92.8965837876304,13.011100094305156],[92.8942659282,13.011110996380744],[92.90141654392824,13.00201007224034],[92.9128094381145,13.004828450450145],[92.91838787718069,12.987279359701303],[92.93303209483906,12.991294488650881],[92.93938131962946,12.968795991301102],[92.91045768013863,12.945305236724113],[92.90613181840368,12.98356633506424],[92.89620965955972,12.995313233144511],[92.88620377184398,12.98245557151424],[92.89058365975407,12.997303811971161],[92.88304634087454,13.00551292594905],[92.8706733643424,12.935591807238962],[92.85127874971731,12.961024279876018],[92.84001092238147,12.949912818202094],[92.85883775431138,12.917886334757904],[92.84477473145365,12.912634311383261],[92.87494107319384,12.90817323836096],[92.86861240188593,12.890458644011913],[92.87281591349607,12.88365505389325],[92.84227269357103,12.876923950142151],[92.84260092218675,12.892194466384808],[92.80136360566935,12.899734888254786],[92.7899811667796,12.960932983553379],[92.79937395128705,12.991846929729128],[92.82208180828927,12.977166009793939],[92.80702102294528,12.999014704340647],[92.84198220082823,12.991375985022971],[92.83310853322429,13.004722285827038],[92.82281421686963,13.007399490614828],[92.8259595435824,13.016752518855037],[92.82928663573702,13.015238844737137],[92.83531440510271,13.018742544118043],[92.83713731337235,13.023066481504351],[92.81277278622382,13.021846652926254],[92.81431239135375,13.006854937076183],[92.7879593014141,13.019546551135925],[92.7992312248739,13.043389278144494],[92.79170600635375,13.053349276786902],[92.79676353015888,13.067992142739866],[92.7928442951285,13.091982482274958],[92.80081942098685,13.091348514791191],[92.79764659793662,13.081475238190475],[92.81412406866133,13.072308461942933],[92.80557851303786,13.100916885644274],[92.82057730141877,13.091209386171434],[92.82935527488583,13.108919734597004],[92.80847937815574,13.127277126025328],[92.84721879929481,13.11815429595141],[92.8484265454915,13.15022362610341],[92.80792709287782,13.15379018938882],[92.81415647340965,13.174734511622143],[92.81933519891675,13.16212743158792],[92.82635885644724,13.175019159980966],[92.83716497785275,13.161993586248862],[92.84441381556988,13.16086547674066],[92.84724529184221,13.161800525167918],[92.84833830167531,13.162780961996994],[92.84867007075478,13.16125355474732],[92.84917891439981,13.161115344180066],[92.84828756250985,13.162930094073984],[92.83748319563549,13.162196926606791],[92.8346020121924,13.1752899384387],[92.81577507684166,13.184135728737246],[92.82990694605425,13.212149344719931]]],[[[92.98400549687528,13.2981678633757],[92.98396469704726,13.299790455916744],[92.98509542583315,13.300006909175075],[92.98400549687528,13.2981678633757]]],[[[93.00572945605161,13.322604667895416],[92.99832464210945,13.316537531758367],[92.9943209646169,13.319695037957851],[93.00572945605161,13.322604667895416]]],[[[92.96477172126964,13.336972597267248],[92.9675071853656,13.33297618997381],[92.96608556327693,13.332804962432167],[92.96477172126964,13.336972597267248]]],[[[92.90570184547198,13.521558951521513],[92.9063803732532,13.520056190826686],[92.90510611553235,13.51996842684568],[92.90570184547198,13.521558951521513]]],[[[92.98503205697901,13.529633023668216],[92.9842590361969,13.528745581911291],[92.98410703834448,13.529820132984048],[92.98503205697901,13.529633023668216]]],[[[92.98382482671812,13.529795601249583],[92.97839024782905,13.530761036320971],[92.98272287162882,13.538184238349873],[92.98643084298907,13.536062400593273],[92.98564565554864,13.530256245893783],[92.9843374811872,13.530293884519619],[92.98382482671812,13.529795601249583]]],[[[92.90715026636987,13.538181752619334],[92.90629903257118,13.52927811114876],[92.90279787556472,13.531574561518562],[92.90715026636987,13.538181752619334]]],[[[92.97793355525879,13.535523315117556],[92.9784929055024,13.536427106827515],[92.97864487072094,13.535346783216673],[92.97793355525879,13.535523315117556]]],[[[92.91365548877009,13.543880054571726],[92.91576624241297,13.541637937142816],[92.91334558756358,13.541606713108779],[92.91365548877009,13.543880054571726]]],[[[92.9835690002103,13.578027000277075],[92.98331599989694,13.577728000503486],[92.98345400029902,13.578119000486021],[92.9835690002103,13.578027000277075]]],[[[92.90392930206424,13.598736902785141],[92.88960814054994,13.575570336930141],[92.8833292036824,13.574205780118536],[92.88538652132944,13.59760848939072],[92.90392930206424,13.598736902785141]]],[[[93.04942135041391,8.44245995039473],[93.04971196323815,8.442446526266869],[93.04950764128155,8.44236053071594],[93.04942135041391,8.44245995039473]]],[[[93.04956652602316,8.443205992328142],[93.04959838256059,8.442970899170431],[93.04944849494144,8.443029712986633],[93.04956652602316,8.443205992328142]]],[[[93.05015222421386,8.443337256488157],[93.05022479009814,8.443893354914826],[93.05038834099885,8.443409588884702],[93.05015222421386,8.443337256488157]]],[[[93.04997949855229,8.444530812745269],[93.04971608380744,8.44483368478223],[93.05004756368614,8.444698143117964],[93.04997949855229,8.444530812745269]]],[[[93.05009752786927,8.444689091294157],[93.0500883157482,8.445114042460396],[93.05032903756103,8.444955899103721],[93.05009752786927,8.444689091294157]]],[[[93.04968422459245,8.445046163392544],[93.04983405807505,8.445267755439872],[93.04980677622164,8.445050761392666],[93.04968422459245,8.445046163392544]]],[[[93.04957971706054,8.445489218027328],[93.0497249188406,8.445724378554903],[93.04968863765265,8.44545763593044],[93.04957971706054,8.445489218027328]]],[[[93.03266765022269,8.472734943373732],[93.04772802518777,8.440506453759868],[93.02655263253,8.447392064821626],[93.03266765022269,8.472734943373732]]],[[[93.01408332670808,11.850098966233483],[93.06241214689769,11.84531305179665],[93.0715280600391,11.834113618539329],[93.04230898017286,11.809868979007284],[93.01376621939069,11.828265917309537],[93.01408332670808,11.850098966233483]]],[[[93.07231275108504,11.834208737475576],[93.0716291112746,11.833657167728855],[93.0720649031855,11.834317141447158],[93.07231275108504,11.834208737475576]]],[[[93.07144453954204,11.838801148725171],[93.07104536693097,11.83847116208807],[93.07087548328843,11.839031629233503],[93.07144453954204,11.838801148725171]]],[[[93.00954473339041,12.066100714785938],[93.01217208529869,12.067440167933723],[93.01217295631474,12.065278808775032],[93.00954473339041,12.066100714785938]]],[[[93.00997043394345,12.069899088466983],[93.00824288462613,12.070138043950093],[93.00853663629172,12.07081641325765],[93.00997043394345,12.069899088466983]]],[[[93.00533378468262,12.072280124520388],[93.00645175641998,12.068622553990089],[93.0041494554145,12.069955492420709],[93.00533378468262,12.072280124520388]]],[[[93.05258028731488,12.072816655539798],[93.0534485893639,12.072911838301373],[93.05354058140898,12.07251847654749],[93.05258028731488,12.072816655539798]]],[[[93.05368272262507,12.073576583867034],[93.05459234127161,12.073807422956717],[93.0544087075063,12.073278341523226],[93.05368272262507,12.073576583867034]]],[[[93.0766644705242,12.076740848064155],[93.07731233743809,12.076383739262745],[93.07697696558101,12.076270644723165],[93.0766644705242,12.076740848064155]]],[[[93.07905357815883,12.076587479918437],[93.0784148842972,12.077057636595788],[93.07893863907539,12.07710293222574],[93.07905357815883,12.076587479918437]]],[[[93.07952211455887,12.0771889312633],[93.08021594992216,12.076650955025752],[93.07957732772866,12.076659904760797],[93.07952211455887,12.0771889312633]]],[[[93.0336609803471,12.1050318036964],[93.03433719538175,12.102635534965396],[93.03319232910404,12.104950267513567],[93.0336609803471,12.1050318036964]]],[[[93.02827411846789,12.163522126870213],[93.02374131289103,12.141473051354838],[93.03382354532438,12.099619428335146],[93.05379780824185,12.078187740701562],[93.04343840477594,12.04264470751439],[93.00506539077841,12.076760988042441],[93.00719448726582,12.104990615311209],[92.99534848565754,12.131670123364621],[93.02827411846789,12.163522126870213]]],[[[93.0050063244269,12.10731836864048],[92.99913771618108,12.107338265847323],[92.99812230598985,12.107893791798153],[93.0050063244269,12.10731836864048]]],[[[93.07540084614699,12.077726368510568],[93.04798077896429,12.114083747058165],[93.06844562628883,12.121481233589273],[93.03527440302467,12.132089883350034],[93.06913147324164,12.212230599032424],[93.08793406936428,12.195141659990012],[93.07626166332619,12.179730361712878],[93.09190675540206,12.181880157069573],[93.08452896373346,12.11934051337495],[93.10158998471516,12.128769824497038],[93.09707594756756,12.09280879095889],[93.07540084614699,12.077726368510568]]],[[[93.0041287504928,12.149667796346735],[93.00595328066042,12.149528384408264],[93.00500266451199,12.147940893236527],[93.0041287504928,12.149667796346735]]],[[[93.00732152982853,12.15250418661653],[93.00691787719764,12.150686320719899],[93.00563945076402,12.152634624364477],[93.00732152982853,12.15250418661653]]],[[[93.01434673163448,12.156594525328584],[93.01225603763227,12.155653217565346],[93.01346411127511,12.1571820000891],[93.01434673163448,12.156594525328584]]],[[[93.01280172662818,12.15866484326859],[93.01244825851087,12.157647336540062],[93.0121674765446,12.158736943197074],[93.01280172662818,12.15866484326859]]],[[[93.01494568841825,12.16446693103097],[93.01574999203945,12.16441297604255],[93.01516189948117,12.163947024447483],[93.01494568841825,12.16446693103097]]],[[[93.01876147610491,12.223402180535233],[93.02030947822558,12.225093337510252],[93.02036984766251,12.22344348393067],[93.01876147610491,12.223402180535233]]],[[[93.02865498356593,12.276830071922763],[93.02045771103377,12.275104369384815],[93.02876421222244,12.279950015248463],[93.02865498356593,12.276830071922763]]],[[[93.07206949197356,12.315094402161968],[93.06125377431617,12.315277536539652],[93.07327398884333,12.31672691873187],[93.07206949197356,12.315094402161968]]],[[[93.06113974339429,13.221096964185335],[93.0557133037806,13.224937492880183],[93.05681536075765,13.227328735116775],[93.06113974339429,13.221096964185335]]],[[[93.05904131387913,13.227549623787416],[93.0610393385375,13.225511619913533],[93.06028288185101,13.22478826210036],[93.05904131387913,13.227549623787416]]],[[[93.06153498565286,13.22739704156752],[93.06199275519594,13.225817738588995],[93.06183253641447,13.225726183859823],[93.06153498565286,13.22739704156752]]],[[[93.04923341119944,13.26368664823297],[93.04874000877096,13.26214022945895],[93.04786267298468,13.263279326171634],[93.04923341119944,13.26368664823297]]],[[[93.06768160201116,13.267077853510491],[93.06789864751974,13.266625775114482],[93.0675847779531,13.266616662553666],[93.06768160201116,13.267077853510491]]],[[[93.07003970034627,13.267935699825452],[93.06948770033546,13.267935699743266],[93.06990169982534,13.268073699654092],[93.07003970034627,13.267935699825452]]],[[[93.06839231332391,13.267588913194627],[93.06808776667407,13.267177411373932],[93.06806000538658,13.26746676537861],[93.06839231332391,13.267588913194627]]],[[[93.06817985780577,13.268149503156554],[93.06787531147359,13.267738000091983],[93.06784754971359,13.268027355457432],[93.06817985780577,13.268149503156554]]],[[[93.06849817771563,13.268891059427894],[93.06818432927395,13.268777959044035],[93.06832736117786,13.269031181485813],[93.06849817771563,13.268891059427894]]],[[[93.07099908302196,13.272829614017082],[93.07072215354769,13.272725567066903],[93.07086519742793,13.272942617671584],[93.07099908302196,13.272829614017082]]],[[[93.07054207458953,13.272996803910909],[93.07029280401603,13.273055527488726],[93.07040817867679,13.273155020033556],[93.07054207458953,13.272996803910909]]],[[[93.07005732695555,13.273353881068985],[93.06987276955822,13.27300570469637],[93.06981732690205,13.27324079843875],[93.07005732695555,13.273353881068985]]],[[[93.07108671722706,13.273137078324778],[93.07090663844842,13.273408315968581],[93.07107738093661,13.273616329510123],[93.07108671722706,13.273137078324778]]],[[[93.07065736409216,13.273485124797169],[93.0705603608548,13.273801592680105],[93.07069423765516,13.273729280194146],[93.07065736409216,13.273485124797169]]],[[[93.07170504850573,13.274055021655455],[93.0714004875212,13.273643524137436],[93.07137272952198,13.273932879293058],[93.07170504850573,13.274055021655455]]],[[[93.07012177321198,13.27414963665229],[93.0703249578541,13.273765372836614],[93.0700941714407,13.27372915334942],[93.07012177321198,13.27414963665229]]],[[[93.07117880350643,13.274204114697579],[93.07086494622683,13.27409101690759],[93.0710079836069,13.274344237633986],[93.07117880350643,13.274204114697579]]],[[[93.07064778282451,13.27507208434724],[93.0707032917692,13.274538587456433],[93.07038941130529,13.274529479219783],[93.07064778282451,13.27507208434724]]],[[[93.03219498223528,13.280834719847508],[93.03263403308316,13.279428767160615],[93.03124884412493,13.280445548157664],[93.03219498223528,13.280834719847508]]],[[[93.01650786003304,13.285015247858155],[93.01449141424533,13.283246573358245],[93.01354866775293,13.2855972196983],[93.01650786003304,13.285015247858155]]],[[[93.02132759527242,13.294742465444179],[93.02123082259486,13.294340034494237],[93.02095841977129,13.29443939256504],[93.02132759527242,13.294742465444179]]],[[[93.04917728035117,13.296108578787818],[93.0485180419142,13.293223823750964],[93.04468623420327,13.294167597044385],[93.04917728035117,13.296108578787818]]],[[[93.02191366426482,13.295221955194682],[93.0214474175812,13.295221767599529],[93.02189516042041,13.295312372753273],[93.02191366426482,13.295221955194682]]],[[[93.07585973011837,13.295459467469104],[93.07557807566644,13.295762337965986],[93.07577195197673,13.295807587244031],[93.07585973011837,13.295459467469104]]],[[[93.07605348338299,13.296128649739227],[93.07645054400349,13.295834843114863],[93.0760674416638,13.295572537711102],[93.07605348338299,13.296128649739227]]],[[[93.07759540832623,13.295735587327831],[93.07729993645859,13.295880213525258],[93.07752149191887,13.296024934206468],[93.07759540832623,13.295735587327831]]],[[[93.07819092481246,13.29566787748798],[93.07783081020882,13.295893874764664],[93.0780708314884,13.296038597799683],[93.07819092481246,13.29566787748798]]],[[[93.07695832968696,13.295880150495563],[93.07670439554379,13.296069995153415],[93.07683825228864,13.296155923677588],[93.07695832968696,13.295880150495563]]],[[[93.07605348338299,13.296128649739227],[93.07566575349122,13.295925119440817],[93.07573955977357,13.296200929348261],[93.07605348338299,13.296128649739227]]],[[[93.07851400981788,13.295970858878965],[93.07848624323152,13.296337075147315],[93.0786340244803,13.296025135314636],[93.07851400981788,13.295970858878965]]],[[[93.07770149229036,13.296214859228318],[93.07743370684913,13.296418266505444],[93.07764142745705,13.296490644550017],[93.07770149229036,13.296214859228318]]],[[[93.07593337882241,13.296535539539363],[93.07624272360182,13.2962733653781],[93.07605346084742,13.296241680980618],[93.07593337882241,13.296535539539363]]],[[[93.07876775701202,13.296780207985165],[93.0785000476177,13.296576704235322],[93.07862001796639,13.296866085475674],[93.07876775701202,13.296780207985165]]],[[[93.0800278328377,13.297784147682648],[93.07970473594648,13.297526380365545],[93.07992624625535,13.297933331438953],[93.0800278328377,13.297784147682648]]],[[[93.00777146282728,13.31005462739373],[93.01175031294501,13.301438911454527],[93.00215133980703,13.304300961670759],[92.99486841819746,13.297588919664525],[93.00777146282728,13.31005462739373]]],[[[93.02185919195065,13.315038577646376],[93.02156823979016,13.315278086765396],[93.02170209792457,13.315341438255416],[93.02185919195065,13.315038577646376]]],[[[93.01548797473725,13.325850756837823],[93.02028678378673,13.321467153082729],[93.02313648209113,13.307583548224567],[93.02120006038372,13.301601156143585],[93.01548797473725,13.325850756837823]]],[[[93.02236668535087,13.31585712683762],[93.02206659967327,13.315857006697629],[93.02217734349668,13.315992688382655],[93.02236668535087,13.31585712683762]]],[[[93.02220485473137,13.316444824637996],[93.02187710280063,13.316363310732678],[93.02205705387067,13.316603008545245],[93.02220485473137,13.316444824637996]]],[[[93.02132683105364,13.318460946809852],[93.0215531678593,13.318185242453108],[93.02127156206568,13.318148959080379],[93.02132683105364,13.318460946809852]]],[[[93.00828555049826,13.335749098933437],[93.00736613152385,13.337046275095581],[93.00893584419688,13.337259488538537],[93.00828555049826,13.335749098933437]]],[[[93.01266608735833,13.338079495565983],[93.01537129583075,13.339025605116811],[93.01285131609838,13.336885969029165],[93.01266608735833,13.338079495565983]]],[[[93.05376394859216,13.38306684639172],[93.08806240112487,13.346036089332152],[93.07805693509461,13.296287264049523],[93.05846572696146,13.32889470639657],[93.03840746402,13.322219910291496],[93.05376394859216,13.38306684639172]]],[[[93.02036943080411,13.344249722682578],[93.01742695247022,13.336666388333278],[93.01787090136413,13.345641233373259],[93.02036943080411,13.344249722682578]]],[[[93.03531133061583,13.34278597344897],[93.03744055257899,13.340842574944451],[93.0361066297216,13.339625903842606],[93.03531133061583,13.34278597344897]]],[[[93.03614036316421,13.361332363168488],[93.03496756266004,13.361169191111106],[93.03496745032317,13.361476634487165],[93.03614036316421,13.361332363168488]]],[[[93.07552234864865,13.367152677367635],[93.0762528473887,13.362495951624886],[93.07210561263939,13.36556505526551],[93.07552234864865,13.367152677367635]]],[[[93.03668838556254,13.365428786106026],[93.03962081764368,13.364756112041485],[93.03648135364342,13.363308258118554],[93.03668838556254,13.365428786106026]]],[[[93.0472971529791,13.373574933893329],[93.04038251100293,13.365380293143671],[93.03657910560699,13.374010038136692],[93.0472971529791,13.373574933893329]]],[[[93.03547098503975,13.373593702443971],[93.03602474638689,13.374629255542825],[93.0363158083877,13.374240529990377],[93.03547098503975,13.373593702443971]]],[[[93.04512724702293,13.376029541552805],[93.04578415489095,13.375573050261744],[93.0451633408255,13.375516865855822],[93.04512724702293,13.376029541552805]]],[[[93.04410077247822,13.37623243182301],[93.04482135366709,13.375622291737912],[93.04441964388222,13.375495572153104],[93.04410077247822,13.37623243182301]]],[[[93.07792634448008,13.376774285639414],[93.07761237962359,13.37651651939152],[93.0776769815734,13.376769719356204],[93.07792634448008,13.376774285639414]]],[[[93.08005513103969,13.377005241644394],[93.07974118056572,13.376657053242086],[93.0797780601653,13.377005194045537],[93.08005513103969,13.377005241644394]]],[[[93.07975971366737,13.376313443526822],[93.0780278516615,13.377230946708888],[93.07901597925884,13.377746541355373],[93.07975971366737,13.376313443526822]]],[[[93.0773166867761,13.377312200431625],[93.07699807011903,13.377230759498593],[93.07709039540705,13.377398062133413],[93.0773166867761,13.377312200431625]]],[[[93.07784311174058,13.377371071305072],[93.07754759807507,13.377212775633703],[93.0775798759399,13.377461448089813],[93.07784311174058,13.377371071305072]]],[[[93.06216760034772,13.387237586340696],[93.06081112034498,13.382489972488244],[93.05940645221155,13.385550487968727],[93.06216760034772,13.387237586340696]]],[[[93.07217927520466,13.432275590148121],[93.07133806631353,13.41334060882297],[93.06962937212846,13.412580689147822],[93.0655303388093,13.422643996908072],[93.07217927520466,13.432275590148121]]],[[[93.07342153673278,13.433374490247418],[93.07364815378598,13.431954876766497],[93.0730660624492,13.432483742497489],[93.07342153673278,13.433374490247418]]],[[[93.07703377179016,13.43214992828667],[93.07584640060531,13.433750214808956],[93.0777679077476,13.433592324186243],[93.07703377179016,13.43214992828667]]],[[[93.0507612206161,13.565473378924972],[93.0556424224741,13.562129065198778],[93.05287512937134,13.558909251725861],[93.0507612206161,13.565473378924972]]],[[[93.00000000013067,13.572676682657278],[93.00000000060437,13.568609533521544],[92.9982243903192,13.57067841277221],[93.00000000013067,13.572676682657278]]],[[[93.00341800051588,13.584743000122677],[93.00431500017004,13.584513000271276],[93.00408500044318,13.584190999755135],[93.00341800051588,13.584743000122677]]],[[[93.01519801740228,13.62976950533934],[93.01480019580691,13.630366125214284],[93.01479934377433,13.632269522172841],[93.01519801740228,13.62976950533934]]],[[[93.01410095068537,13.63305589963181],[93.01287068779057,13.634375536952277],[93.01347591482394,13.635171519511477],[93.01410095068537,13.63305589963181]]],[[[93.06783188419756,13.652188590098282],[93.05513010304301,13.642673088102686],[93.04435636003095,13.620973071018884],[93.04514298285014,13.647372203603698],[93.06783188419756,13.652188590098282]]],[[[93.01008103821121,13.638854746318794],[93.01045095413306,13.638674066876726],[93.01034933523418,13.638493175578631],[93.01008103821121,13.638854746318794]]],[[[93.0342437507732,13.642051779576136],[93.03523270753269,13.64303773013693],[93.03506692582906,13.641256347500871],[93.0342437507732,13.642051779576136]]],[[[93.03363655036851,13.646373765299987],[93.03467254776201,13.645176029130585],[93.03338275028473,13.645107760149473],[93.03363655036851,13.646373765299987]]],[[[93.01977874049673,13.674006123135584],[93.02855936698323,13.625443602080267],[93.00136198350299,13.648553037648389],[92.97360046425844,13.643908376230515],[92.97966970123801,13.666609695851296],[93.01977874049673,13.674006123135584]]],[[[93.0314780001899,13.662621000523785],[93.03136299986963,13.661977000713597],[93.03104099991951,13.662644000636455],[93.0314780001899,13.662621000523785]]],[[[93.03019533637651,13.663440427205366],[93.02975611181617,13.663343870356629],[93.02975250163063,13.663606937710972],[93.03019533637651,13.663440427205366]]],[[[93.02683200053465,13.671154000583844],[93.02738400030987,13.67119999988004],[93.02733800059963,13.670762999902635],[93.02683200053465,13.671154000583844]]],[[[93.54301669960537,7.524944700619837],[93.54145469937973,7.511876699845966],[93.54057469930807,7.5242187005382215],[93.54301669960537,7.524944700619837]]],[[[93.44122916284702,7.877284680450519],[93.4422357171362,7.876665098794404],[93.4415917821996,7.8763713514988],[93.44122916284702,7.877284680450519]]],[[[93.38621327966112,7.890704641473949],[93.38781850073923,7.891432487782336],[93.38638555177259,7.889823007599088],[93.38621327966112,7.890704641473949]]],[[[93.38950993311597,7.890537231376502],[93.38705229299701,7.895922247929359],[93.38913835459037,7.900335009305781],[93.38950993311597,7.890537231376502]]],[[[93.3953600689503,7.902708470515524],[93.39871552573787,7.898494384960722],[93.39506968930611,7.8986256568936986],[93.3953600689503,7.902708470515524]]],[[[93.39254388627496,7.899430633021231],[93.39037184516921,7.901741051153206],[93.39452114264246,7.902681312890149],[93.39254388627496,7.899430633021231]]],[[[93.56859876983101,7.927094792975291],[93.56871214171373,7.926805464700088],[93.5684672809595,7.9269411143567305],[93.56859876983101,7.927094792975291]]],[[[93.32673319283813,7.9304174269858505],[93.32253820803511,7.9311267839699955],[93.32305507679412,7.931927086100656],[93.32673319283813,7.9304174269858505]]],[[[93.33814265282656,7.9371463524889965],[93.33866824761594,7.942684983467149],[93.33996989987665,7.941509553561832],[93.33814265282656,7.9371463524889965]]],[[[93.37323008708879,8.021657488752343],[93.40136592859687,8.008781475613102],[93.40361737925961,7.961557600682415],[93.4209114112737,7.9686138681177345],[93.45190107209073,7.939293012183477],[93.46620778593517,7.891097250688605],[93.4544596791551,7.872440068526337],[93.41197567684505,7.906934791140043],[93.38809541380738,7.901582886589021],[93.36795728731111,7.877665195358387],[93.33499429532442,7.90014346203587],[93.34182885250073,7.946858487972521],[93.3318919746868,7.94950708217096],[93.33785710735233,7.935233837776111],[93.32359426321626,7.935856189251785],[93.3210781014871,7.929349758152613],[93.32447531894502,7.925185950146456],[93.3219541734502,7.922934050869768],[93.30786693456861,7.933855594672612],[93.3199770320258,8.00737855085191],[93.37323008708879,8.021657488752343]]],[[[93.54531488737845,8.027305033203387],[93.57331131731169,7.994228094945116],[93.56941944019806,7.928265923509132],[93.49445388390367,7.994231041814589],[93.51592822305177,8.00068266095249],[93.52207686111711,8.026178556274559],[93.53244859593084,8.015999047808654],[93.53197401925519,8.008394118254591],[93.53801710661762,8.00249959731614],[93.53809961449376,7.9987118262569314],[93.54099834150132,7.996591922945108],[93.54271381863106,7.991881123100922],[93.54376624758561,7.991361361268748],[93.54531488737845,8.027305033203387]]],[[[93.47700117931592,8.00990731215627],[93.47676050405516,8.009029930055688],[93.4766063836184,8.009622481353075],[93.47700117931592,8.00990731215627]]],[[[93.47742760228583,8.009766978888784],[93.47911099222264,8.01023248561899],[93.47897472619711,8.009327938515604],[93.47742760228583,8.009766978888784]]],[[[93.47472893123982,8.014041440718927],[93.47558193152734,8.01435333280755],[93.47569506494268,8.012924144057102],[93.47472893123982,8.014041440718927]]],[[[93.47430728593204,8.015570211175449],[93.47499226610303,8.014896184763018],[93.4745838886226,8.014796795663546],[93.47430728593204,8.015570211175449]]],[[[93.47560975662579,8.016980944597874],[93.47482931791035,8.017035392647152],[93.475573475408,8.017229730672968],[93.47560975662579,8.016980944597874]]],[[[93.47359915517298,8.03590853286696],[93.47433404100506,8.034809412724726],[93.4735808763402,8.03493619041997],[93.47359915517298,8.03590853286696]]],[[[93.4940343099825,8.046839414155633],[93.49325425654159,8.048381745941287],[93.4952417984845,8.048512408219821],[93.4940343099825,8.046839414155633]]],[[[93.51364304025898,8.064548428118812],[93.51413295101031,8.06462994328126],[93.51388352453203,8.064317926651384],[93.51364304025898,8.064548428118812]]],[[[93.51444472441608,8.069173937152831],[93.51493015205057,8.069079076814681],[93.51478045264416,8.068902702882541],[93.51444472441608,8.069173937152831]]],[[[93.51348577885953,8.07556220717847],[93.51386250840207,8.074766573175538],[93.51315932879015,8.074920137960929],[93.51348577885953,8.07556220717847]]],[[[93.57103950249984,8.127369761397151],[93.59154941818984,8.049863360084322],[93.58475966723196,8.038071159878927],[93.56258676549676,8.067484054421536],[93.57820984133826,8.07424095199474],[93.56076366096899,8.092988398643778],[93.56766939024955,8.119583688843937],[93.5528692638218,8.120390620457693],[93.57103950249984,8.127369761397151]]],[[[93.48340174023048,8.222784295377743],[93.53463278844187,8.228997386187459],[93.53627721280624,8.201467771349584],[93.49279068951283,8.146169365630863],[93.53776255180107,8.089986775698803],[93.54079513014784,8.036138791987504],[93.5212587170034,8.050588902536754],[93.49845115995022,8.035920638595742],[93.49108751349014,7.998454354537272],[93.4758522260045,8.04610203683188],[93.49911421502516,8.038046079952428],[93.49377872249987,8.057521824204342],[93.50184676476002,8.069007578729119],[93.51569197888209,8.053254763957655],[93.52115593016134,8.080383982755873],[93.50458196884335,8.085655763052191],[93.47574935528101,8.052899545741647],[93.46971713958717,8.088611362232879],[93.48390744166284,8.087635789864722],[93.4878381928525,8.090764449478415],[93.48786198371621,8.095065431243352],[93.45878286527116,8.102113502845867],[93.43746706228055,8.170381252919041],[93.48675446098547,8.1985152947972],[93.48340174023048,8.222784295377743]]],[[[93.19401909439858,8.186625815048988],[93.19378307911234,8.186309428601124],[93.19373771584924,8.1865581091176],[93.19401909439858,8.186625815048988]]],[[[93.19744132647986,8.19041852831389],[93.19706915951824,8.190355302110309],[93.19719627330467,8.190563284066576],[93.19744132647986,8.19041852831389]]],[[[93.18837461430918,8.190406489164987],[93.18783456383068,8.190492491316277],[93.18791627199963,8.19068693020445],[93.18837461430918,8.190406489164987]]],[[[93.18646014779637,8.194019305864915],[93.18605163064396,8.193689336608955],[93.18616967908238,8.194132417278531],[93.18646014779637,8.194019305864915]]],[[[93.17513346395813,8.194224375767268],[93.17551451683082,8.193641051414572],[93.17486568305443,8.194115856049981],[93.17513346395813,8.194224375767268]]],[[[93.18802138127745,8.19547489427602],[93.18797595273817,8.195013779246963],[93.18779445719835,8.195380022504478],[93.18802138127745,8.19547489427602]]],[[[93.21134234470829,8.196804332747595],[93.21106102509056,8.197039479745518],[93.21146487780993,8.197089198525907],[93.21134234470829,8.196804332747595]]],[[[93.1265321267038,8.216309261886218],[93.12698136417526,8.216001847296878],[93.12651397054661,8.21602894905878],[93.1265321267038,8.216309261886218]]],[[[93.11746474511466,8.219193797633874],[93.11742839541999,8.218777808408976],[93.11716067182556,8.218868249822716],[93.11746474511466,8.219193797633874]]],[[[93.11731489480151,8.220292409166365],[93.11711526178065,8.22006180859681],[93.11708801616956,8.220346658246184],[93.11731489480151,8.220292409166365]]],[[[93.23833070020538,8.222563999960482],[93.23887069993316,8.221375999923152],[93.23779069987339,8.222276000739713],[93.23833070020538,8.222563999960482]]],[[[93.23382178244648,8.223985168753961],[93.23442085889872,8.22401213718124],[93.23440263606042,8.22390360245916],[93.23382178244648,8.223985168753961]]],[[[93.2272277432596,8.22444347975057],[93.22624753089077,8.22461101096828],[93.22725958498827,8.224714823635875],[93.2272277432596,8.22444347975057]]],[[[93.24225208920055,8.23305232618155],[93.2421929782277,8.23274943282379],[93.2421113473173,8.23288968498453],[93.24225208920055,8.23305232618155]]],[[[93.24199362672832,8.233857249332551],[93.24178032401848,8.233821105304695],[93.24183476890663,8.233916049622957],[93.24199362672832,8.233857249332551]]],[[[93.24214348493327,8.234227928815303],[93.242030000324,8.234096839134049],[93.2420073093884,8.23425957877137],[93.24214348493327,8.234227928815303]]],[[[93.22968423644251,8.262770326961206],[93.2412162455604,8.229385955344553],[93.22950080688219,8.221802564277652],[93.2096932682968,8.251404109642433],[93.22968423644251,8.262770326961206]]],[[[93.22674870964698,8.26683119972939],[93.22642188744464,8.266799636327386],[93.22663076261483,8.267003038656169],[93.22674870964698,8.26683119972939]]],[[[93.08493169503456,8.340800828096572],[93.13351942343871,8.345803197886893],[93.1197242944321,8.272803199102894],[93.19282650469991,8.218600299238041],[93.19090311906307,8.19611648923503],[93.1116238652383,8.223642560498746],[93.07584267915628,8.273460319166022],[93.08493169503456,8.340800828096572]]],[[[93.08886561640746,8.345533147262449],[93.08967846058677,8.345447032843486],[93.08926514611518,8.34513506069143],[93.08886561640746,8.345533147262449]]],[[[93.60628839977727,8.432577531186237],[93.60646998131251,8.432283654053808],[93.6061657657422,8.432401164824373],[93.60628839977727,8.432577531186237]]],[[[93.60738249564112,8.43597752479613],[93.60676951288417,8.436325615060161],[93.60748692781803,8.43613121548541],[93.60738249564112,8.43597752479613]]],[[[93.60786293331054,8.457503102652325],[93.60700013051881,8.456711841126527],[93.60579673565329,8.457593408939744],[93.60786293331054,8.457503102652325]]],[[[93.60313411864313,8.487523704402996],[93.60283892400585,8.486171865030515],[93.6024756303555,8.486533497122783],[93.60313411864313,8.487523704402996]]],[[[93.60558130483166,8.498487782048809],[93.60610812410974,8.498519433401373],[93.60558589095976,8.498284266498986],[93.60558130483166,8.498487782048809]]],[[[93.60242721794138,8.538609067862007],[93.60237720440593,8.539336983438238],[93.60294953073682,8.5390340860658],[93.60242721794138,8.538609067862007]]],[[[93.6003599446393,8.549676816540444],[93.6006097107086,8.549893866580675],[93.60058253022477,8.549654221296947],[93.6003599446393,8.549676816540444]]],[[[93.59988707262349,8.558036416772216],[93.5997780020811,8.557959613995658],[93.59978714638811,8.558054570693319],[93.59988707262349,8.558036416772216]]],[[[93.59984156296389,8.558452368024234],[93.59980530192082,8.558217259365913],[93.59967354744256,8.558393566122312],[93.59984156296389,8.558452368024234]]],[[[93.6000505344359,8.558610690327992],[93.59993241229168,8.558556423330733],[93.59991428216898,8.558642287232114],[93.6000505344359,8.558610690327992]]],[[[93.59943281854721,8.558497592513932],[93.59958720672824,8.558673908444199],[93.59952814540523,8.558443357377007],[93.59943281854721,8.558497592513932]]],[[[93.60064532893368,8.561549424532965],[93.60084064724568,8.561517826052409],[93.60063625483033,8.561499692382798],[93.60064532893368,8.561549424532965]]],[[[93.60053629641452,8.561671518208453],[93.60053632932285,8.56192468321436],[93.60062262140356,8.561671565625563],[93.60053629641452,8.561671518208453]]],[[[93.60121751807313,8.563452922518207],[93.60112668858297,8.563073091290054],[93.60101313374506,8.563208759012612],[93.60121751807313,8.563452922518207]]],[[[93.60038632855334,8.56396832189711],[93.60094502265014,8.563466461694073],[93.60041363055974,8.56329914365689],[93.60038632855334,8.56396832189711]]],[[[93.6027663857596,8.56409052214193],[93.60318884575786,8.563462062306513],[93.60318886421703,8.563358046322545],[93.6027663857596,8.56409052214193]]],[[[93.60297987312819,8.564863610760504],[93.60291632179977,8.564669246936456],[93.60278907477924,8.564822935942342],[93.60297987312819,8.564863610760504]]],[[[93.60307520289494,8.56584925691909],[93.60338405881141,8.56549666050178],[93.60330233594347,8.565419726193523],[93.60307520289494,8.56584925691909]]],[[[93.60337948430669,8.567033833984745],[93.60329773524256,8.566767048524298],[93.60317053493777,8.566893693556803],[93.60337948430669,8.567033833984745]]],[[[93.60298881458391,8.56730958652741],[93.6027844319168,8.567241798219419],[93.60279800137002,8.567318658229025],[93.60298881458391,8.56730958652741]]],[[[93.60713120571829,8.570112959995306],[93.60733564779103,8.570045164946258],[93.60725841046336,8.569932135637952],[93.60713120571829,8.570112959995306]]],[[[93.60738560775307,8.570433922306801],[93.60767634579516,8.570289291047764],[93.6075264494379,8.57025759847606],[93.60738560775307,8.570433922306801]]],[[[93.6075445126272,8.570931317910384],[93.60772173855912,8.570777548944081],[93.60754453867189,8.570718764929298],[93.6075445126272,8.570931317910384]]],[[[93.60698115324298,8.573304927766568],[93.60718100571685,8.573436034765418],[93.60718563820419,8.573205475139227],[93.60698115324298,8.573304927766568]]],[[[93.60636791234296,8.573851926054695],[93.6065950671067,8.573779572849968],[93.60647697259341,8.573689219776993],[93.60636791234296,8.573851926054695]]],[[[93.60233432143608,8.573860772581517],[93.60245695772444,8.57418176210873],[93.60262954873026,8.574082361647859],[93.60233432143608,8.573860772581517]]],[[[93.60194367933076,8.574389688792646],[93.60192096038777,8.574100380662017],[93.6017528680281,8.574344490908087],[93.60194367933076,8.574389688792646]]],[[[93.60557751740805,8.57437179614761],[93.60580920079515,8.57446224207287],[93.60575012841163,8.574285961242884],[93.60557751740805,8.57437179614761]]],[[[93.60284306957695,8.574584196777389],[93.6030610264517,8.574728844148586],[93.60294749423196,8.574534467924233],[93.60284306957695,8.574584196777389]]],[[[93.60550029669737,8.574557154944666],[93.60548668209967,8.574796863963622],[93.60554574929714,8.574796861709727],[93.60561383067291,8.574751621449876],[93.60550029669737,8.574557154944666]]],[[[93.60510512504784,8.575149486029474],[93.60518238055812,8.574986648498852],[93.60506873089393,8.575063527074795],[93.60510512504784,8.575149486029474]]],[[[93.6028248510735,8.575190046320834],[93.60290210816922,8.57502730045585],[93.60278845741645,8.575104086850184],[93.6028248510735,8.575190046320834]]],[[[93.60287930854277,8.575551754329886],[93.60280207042447,8.575438724413408],[93.60281571173536,8.57556071682227],[93.60287930854277,8.575551754329886]]],[[[93.60268398814648,8.576451384584917],[93.6028292782387,8.576211832378243],[93.60275668432371,8.576162108579908],[93.60268398814648,8.576451384584917]]],[[[93.60252040548819,8.576731757622106],[93.60266578713392,8.576492115111805],[93.6025931014525,8.576442391059517],[93.60252040548819,8.576731757622106]]],[[[93.60845409993864,8.581718600050083],[93.60790629959551,8.578680799837624],[93.60669449927832,8.581643899953148],[93.60845409993864,8.581718600050083]]],[[[93.59845907722271,8.58307469435406],[93.59780059841854,8.579991161410613],[93.59652396755776,8.583047481992763],[93.59845907722271,8.58307469435406]]],[[[93.08637041018288,11.784790582642803],[93.07622656923415,11.783509750933181],[93.08394723655894,11.789862004926045],[93.08637041018288,11.784790582642803]]],[[[93.08237048917368,12.078270016298456],[93.0828436290567,12.078871462695442],[93.08291260800345,12.078428349005769],[93.08237048917368,12.078270016298456]]],[[[93.10856491832773,12.144948637877294],[93.12287540765075,12.138383446550481],[93.11242104217673,12.129245114455815],[93.10856491832773,12.144948637877294]]],[[[93.10648813445516,12.261766537124245],[93.10447565818794,12.211574631129986],[93.10011879508238,12.200419523902982],[93.08773660647373,12.227342515172532],[93.06180891126887,12.233453641732076],[93.07252577265294,12.262264160454869],[93.08548326868711,12.238386123535186],[93.10648813445516,12.261766537124245]]],[[[93.0802776369489,13.294890590475369],[93.07993598606504,13.295134678823345],[93.08032377354732,13.295035278642187],[93.0802776369489,13.294890590475369]]],[[[93.08205446512153,13.297463482656807],[93.08177755337788,13.29707008823246],[93.08179133407546,13.297463439255736],[93.08205446512153,13.297463482656807]]],[[[93.08079409342065,13.298087202958211],[93.08092325794418,13.298611689961403],[93.08102944762977,13.298539368374557],[93.08079409342065,13.298087202958211]]],[[[93.0813710529855,13.298566553405356],[93.08120480728195,13.298887533821418],[93.08145870216111,13.298919225579077],[93.0813710529855,13.298566553405356]]],[[[93.0820956291822,13.299687943826644],[93.08191092843226,13.29995014556733],[93.0820124789081,13.300008938706178],[93.0820956291822,13.299687943826644]]],[[[93.08258951247514,13.30009493778721],[93.08230794580251,13.299904999315412],[93.0823263538474,13.300239574418937],[93.08258951247514,13.30009493778721]]],[[[93.08291727405468,13.300108555074361],[93.08300495334753,13.30029846171556],[93.08303729312003,13.300153787033704],[93.08291727405468,13.300108555074361]]],[[[93.08092976347673,13.36641668511034],[93.08066660311053,13.366158930533262],[93.08064348805637,13.36631264862766],[93.08092976347673,13.36641668511034]]],[[[93.0813961329696,13.366493623757314],[93.08108213660007,13.36647096580717],[93.08134069494785,13.366642815213304],[93.0813961329696,13.366493623757314]]],[[[93.08087891828448,13.36670603503462],[93.08064339171901,13.366855195842426],[93.08083270950057,13.366891397103009],[93.08087891828448,13.36670603503462]]],[[[93.08225026673922,13.367271416007743],[93.0820147390635,13.367425098905207],[93.0823241155373,13.367470361088907],[93.08225026673922,13.367271416007743]]],[[[93.08287343025764,13.368591713551519],[93.07931320626389,13.368500692251011],[93.08169562964807,13.370268896408868],[93.08287343025764,13.368591713551519]]],[[[93.08329829130442,13.396302334664002],[93.08292881812687,13.396397220963376],[93.08311351034835,13.396614269253893],[93.08329829130442,13.396302334664002]]],[[[93.0818297053867,13.39625688560296],[93.0822542255315,13.398354798660941],[93.08275336810779,13.396139483736896],[93.0818297053867,13.39625688560296]]],[[[93.08580292587328,13.416101098802617],[93.0907499505459,13.412308488727117],[93.09020571834603,13.40677898012245],[93.08580292587328,13.416101098802617]]],[[[93.0866733450176,13.432689522907314],[93.08755102453178,13.432101892137776],[93.08666435011854,13.431070931686884],[93.0866733450176,13.432689522907314]]],[[[93.0959806280441,13.431153482635914],[93.10432660390696,13.435652830965722],[93.10442410402372,13.429110663315296],[93.0959806280441,13.431153482635914]]],[[[93.10833044829398,13.655750128631164],[93.10804387655443,13.656509439584962],[93.10853845939357,13.656283439354047],[93.10833044829398,13.655750128631164]]],[[[93.11081222071381,13.657395443414126],[93.1103501048822,13.657449631092872],[93.1105025384825,13.657955838074804],[93.11081222071381,13.657395443414126]]],[[[93.10631061729151,13.657521742926793],[93.10569132769153,13.65802792073207],[93.10623200561736,13.658104729827297],[93.10631061729151,13.657521742926793]]],[[[93.1078632971484,13.661196289140937],[93.10732262422471,13.660739800196978],[93.10734559648311,13.661648263356993],[93.1078632971484,13.661196289140937]]],[[[93.84756424455459,6.782011768914325],[93.84794267774258,6.781672483149801],[93.84743374988463,6.7820378671699775],[93.84756424455459,6.782011768914325]]],[[[93.94968322527451,6.935861869825496],[93.95018066503599,6.9340893652635796],[93.94930753087323,6.935016391902052],[93.94968322527451,6.935861869825496]]],[[[93.95293730005773,6.937903600170817],[93.9532942006535,6.937845500000965],[93.95306180013435,6.937638000199261],[93.95293730005773,6.937903600170817]]],[[[93.94626410069898,6.95394749977795],[93.94620600014642,6.953839600380055],[93.94618109999695,6.953972399887245],[93.94626410069898,6.95394749977795]]],[[[93.94734309999663,6.954088599997996],[93.9476585007668,6.954254600506179],[93.94756720014438,6.953964100613607],[93.94734309999663,6.954088599997996]]],[[[93.94589890055431,6.9564872998816],[93.9459072002933,6.956321300630281],[93.94584080066322,6.956429199893648],[93.94589890055431,6.9564872998816]]],[[[93.9442472006668,6.9870810999763435],[93.9444049005171,6.986807200675529],[93.9442056999462,6.986848700075354],[93.9442472006668,6.9870810999763435]]],[[[93.94525150052964,6.9919947005125245],[93.94524320027337,6.991787200628365],[93.94516019996342,6.991853600581872],[93.94525150052964,6.9919947005125245]]],[[[93.9444049005312,6.991646099939754],[93.9443965999014,6.9923349999510584],[93.94506890046343,6.99194490020125],[93.9444049005312,6.991646099939754]]],[[[93.838027614139,7.233852595613566],[93.83878967850065,7.216399721311553],[93.86994841440342,7.204713170201917],[93.88104365287596,7.0896908298723265],[93.90176460585344,7.0814971593403735],[93.9124420538865,7.025135768406291],[93.94462964184751,7.0014031571996895],[93.90987861273865,6.999317083130435],[93.94135109077907,6.954342592813821],[93.9153770167068,6.9472829029961325],[93.89147481812256,6.901196276180884],[93.89772353017266,6.813464360997294],[93.87598728577389,6.793226355483631],[93.84701796242129,6.811338971065584],[93.85493850973262,6.819989095717614],[93.85524580176065,6.826197161452206],[93.85510102750763,6.827838550575541],[93.85054070319296,6.833322944718271],[93.84720652941257,6.834959554193689],[93.82247903538317,6.752782631992961],[93.79915130067401,6.766185984200773],[93.80986967342163,6.811972857245063],[93.7954894691703,6.809511036217232],[93.76262641313996,6.862894838620087],[93.77686023696216,6.880477758419112],[93.73170887466449,6.921883601145214],[93.74101096615449,6.9562588743888085],[93.71560534011896,6.989547433192513],[93.71980885831545,6.990842011750938],[93.72207288878165,6.986705584232182],[93.72509273822934,6.982185010726388],[93.73120392863153,6.975395617187509],[93.73276082589834,6.974717885202993],[93.73381958556175,6.975048201582149],[93.73694592490678,6.976921034483222],[93.73569767252346,6.9899065222331815],[93.73844936169145,6.989030166686218],[93.7389513802583,6.989803471059162],[93.73815364781936,6.994247830207486],[93.7331075232888,6.9955168917293165],[93.73734257300005,6.997869365517952],[93.73764413201971,7.0000044727962205],[93.73285397461456,6.9957654877901625],[93.73307290036311,6.9750299141070595],[93.71749954566994,6.99499197895422],[93.69599226336902,6.992003756573125],[93.69310489526195,7.009635441015465],[93.6986803482172,7.009734099454404],[93.70127357633537,7.010398322077673],[93.70321984251916,7.011835876187555],[93.70147807283698,7.01540820646867],[93.69818393229664,7.018533022080017],[93.70071901874039,7.023144606551963],[93.7007282744225,7.024428752612892],[93.70008124905493,7.025360208612375],[93.69779119371537,7.024912985365629],[93.69534247535692,7.022910284573262],[93.70179414357095,7.011004121798445],[93.65502683595292,7.005493187093576],[93.66697115945084,7.022565522664049],[93.64439138780894,7.100685147488055],[93.65433640365993,7.109130799897832],[93.66199076484041,7.109437783054883],[93.6617735283822,7.110577171727754],[93.66582934647296,7.1107803087264285],[93.66727341207024,7.11260683330761],[93.64317932516617,7.127276219078486],[93.66499460584816,7.141987774041528],[93.67632642791426,7.193038808081043],[93.7221555959693,7.189011774182496],[93.74929367753819,7.215918187586093],[93.7920668385525,7.208264008753161],[93.7962274243348,7.235429850384673],[93.838027614139,7.233852595613566]]],[[[93.94663930043157,7.011690900645541],[93.94686170015947,7.011466499888796],[93.94669570001982,7.011383500753624],[93.94663930043157,7.011690900645541]]],[[[93.94531790027014,7.012977100180793],[93.945359400367,7.012819399970398],[93.94528180043895,7.0128372002387245],[93.94531790027014,7.012977100180793]]],[[[93.92690880074684,7.0283674007133605],[93.92691130061306,7.028245200651329],[93.92684080002846,7.028307600548538],[93.92690880074684,7.0283674007133605]]],[[[93.9030521922064,7.0776291499745385],[93.90414156042564,7.07775019058493],[93.90450468352553,7.0771449861659805],[93.9030521922064,7.0776291499745385]]],[[[93.71360469991025,7.221300699779116],[93.71877470019572,7.206098699896333],[93.70968869990826,7.230012699546317],[93.71360469991025,7.221300699779116]]],[[[93.79948571775209,7.245522266785163],[93.78745117932081,7.243150846032747],[93.797846100958,7.248827207819497],[93.79948571775209,7.245522266785163]]],[[[93.84586869981725,7.285452699440837],[93.8445266998176,7.287806699777471],[93.84789270033232,7.289610700081864],[93.84586869981725,7.285452699440837]]],[[[93.62143155563521,7.3306065914133764],[93.61947067873129,7.325180837907831],[93.616916448842,7.330624566495144],[93.62143155563521,7.3306065914133764]]],[[[93.70027777483396,7.447172130679121],[93.74383225417738,7.361449798140033],[93.63580805784142,7.242813979432237],[93.60709450316695,7.310508333509734],[93.62331546976905,7.32279805902003],[93.6194383722898,7.374256676068564],[93.65492490318071,7.385184043580799],[93.65630500701172,7.365963236998178],[93.67029327170748,7.391151064785728],[93.70180406348032,7.393638055546758],[93.70027777483396,7.447172130679121]]],[[[93.76660269969727,7.403922700424861],[93.76829669989019,7.394484699876398],[93.76178470015991,7.398334700332775],[93.76660269969727,7.403922700424861]]],[[[93.68378729162038,7.4005360382931595],[93.6700092697676,7.405185669869117],[93.67492457962645,7.412423988998966],[93.68378729162038,7.4005360382931595]]],[[[93.6305042993008,7.472317652853657],[93.63122903976489,7.472127752277716],[93.63132870815333,7.471607779768085],[93.6305042993008,7.472317652853657]]],[[[93.65042070023893,7.471176700310822],[93.64562470009999,7.477116699730285],[93.65110269980639,7.47443270005828],[93.65042070023893,7.471176700310822]]],[[[93.62327861368793,7.4815097534708395],[93.61962279050552,7.480004077220247],[93.61896583244798,7.483417775914784],[93.62327861368793,7.4815097534708395]]],[[[93.6429163916901,8.395322584806323],[93.64356984112688,8.389214449888906],[93.63380401593585,8.394676439449363],[93.6429163916901,8.395322584806323]]],[[[93.63581089954589,8.392785699777214],[93.63562830003872,8.392528399457786],[93.63548719931414,8.39265289965284],[93.63581089954589,8.392785699777214]]],[[[93.62566790184643,8.394495699505686],[93.62588585299636,8.394188190079296],[93.62546365923127,8.394061598879903],[93.62566790184643,8.394495699505686]]],[[[93.63168829185545,8.395209954871172],[93.63143859667557,8.394531810371682],[93.63123431875826,8.394979405554858],[93.63168829185545,8.395209954871172]]],[[[93.62730692085229,8.395011092592963],[93.627465893595,8.394798556727382],[93.62719346900374,8.394780448037],[93.62730692085229,8.395011092592963]]],[[[93.6271616841266,8.395350144508662],[93.62717530236603,8.395119568819494],[93.62708452305165,8.395264250061112],[93.6271616841266,8.395350144508662]]],[[[93.62603571254495,8.395883681517684],[93.6262264226917,8.395580737422097],[93.62604933141465,8.395540045845198],[93.62603571254495,8.395883681517684]]],[[[93.63421729975094,8.396943999969698],[93.63360309932854,8.396794600064561],[93.63371929984892,8.397840400044137],[93.63421729975094,8.396943999969698]]],[[[93.62458284372676,8.39789566441521],[93.6254636017999,8.39680598928599],[93.6247871590617,8.396557334621626],[93.62458284372676,8.39789566441521]]],[[[93.62435130102388,8.397032066249443],[93.62380646465371,8.398429093762509],[93.62400164599556,8.39859186330961],[93.62435130102388,8.397032066249443]]],[[[93.62310267808394,8.398121687884863],[93.62330244722442,8.397972492793237],[93.62318890740468,8.397913700378593],[93.62310267808394,8.398121687884863]]],[[[93.62298918543452,8.398605495404107],[93.62315715412866,8.398392947575815],[93.62301642309605,8.39837037709806],[93.62298918543452,8.398605495404107]]],[[[93.62337051906377,8.398623524883611],[93.62352947368211,8.39839751391079],[93.62341597695136,8.398365855471589],[93.62337051906377,8.398623524883611]]],[[[93.62317076331772,8.39906658672824],[93.62327977711968,8.398849609107756],[93.62308901749569,8.398953565198386],[93.62317076331772,8.39906658672824]]],[[[93.62318435663101,8.399274596958591],[93.62340235899707,8.399337928448357],[93.62340691324589,8.399175113301737],[93.62318435663101,8.399274596958591]]],[[[93.6324244994805,8.399599999303511],[93.63239129961121,8.399409099854813],[93.63227509951243,8.399483799631511],[93.6324244994805,8.399599999303511]]],[[[93.62287569855725,8.400346086964184],[93.62314810758059,8.40023766082304],[93.62300279483493,8.400133603561965],[93.62287569855725,8.400346086964184]]],[[[93.62241250544054,8.400486291464752],[93.62266682928002,8.400314488751093],[93.62236712553509,8.400337122980831],[93.62241250544054,8.400486291464752]]],[[[93.62264409020929,8.400807289428156],[93.62285749423324,8.400834448169276],[93.62281204871927,8.400644487129293],[93.62264409020929,8.400807289428156]]],[[[93.62212650135804,8.401069503914382],[93.62232172621908,8.400974585548672],[93.62222184326812,8.400879591662788],[93.62212650135804,8.401069503914382]]],[[[93.6223762544435,8.402019000514676],[93.62264861415652,8.40187882624402],[93.62239441189993,8.401842686839656],[93.6223762544435,8.402019000514676]]],[[[93.62337749947537,8.417171099991478],[93.62373439934227,8.417461599434853],[93.62359329932676,8.417013399516959],[93.62337749947537,8.417171099991478]]],[[[93.61360836888377,8.417910940866209],[93.61423494476195,8.418543916835347],[93.61388081200126,8.41775720529527],[93.61360836888377,8.417910940866209]]],[[[93.62268029976093,8.41898049962703],[93.62255579929875,8.418748099753751],[93.62253089963754,8.41896389995791],[93.62268029976093,8.41898049962703]]],[[[93.62233170012954,8.420059499715103],[93.62275499939649,8.41963619979248],[93.62254749938043,8.41938719961183],[93.62233170012954,8.420059499715103]]],[[[93.61287726873393,8.419719426810179],[93.61330407490543,8.419701304386782],[93.6132359843841,8.419493378757098],[93.61287726873393,8.419719426810179]]],[[[93.61325866795987,8.420573933387706],[93.61240961675861,8.42085420128507],[93.61249128310915,8.421030539236698],[93.61325866795987,8.420573933387706]]],[[[93.62220720011238,8.420997399863374],[93.62215740010672,8.420690299574655],[93.62203289930888,8.42093099978423],[93.62220720011238,8.420997399863374]]],[[[93.6134539190883,8.420949171985363],[93.61377177502867,8.420790932490545],[93.61362195711791,8.420714104649251],[93.6134539190883,8.420949171985363]]],[[[93.62210759973149,8.42179419966453],[93.62194989941312,8.421686299839706],[93.62199139997401,8.421885499716618],[93.62210759973149,8.42179419966453]]],[[[93.61263656901544,8.423019912774114],[93.6125457716549,8.422640078837649],[93.61242312142869,8.422857166546052],[93.61263656901544,8.423019912774114]]],[[[93.62031479981276,8.425852900102672],[93.6204309998184,8.425877800006644],[93.6204060997842,8.425819699752127],[93.62031479981276,8.425852900102672]]],[[[93.6199744997021,8.42767059954665],[93.62007409999397,8.427637399677918],[93.61997449993744,8.427604199873265],[93.6199744997021,8.42767059954665]]],[[[93.6264816996197,8.428757899896253],[93.62628249940946,8.428998599360332],[93.62669749947264,8.428965400213412],[93.6264816996197,8.428757899896253]]],[[[93.61622289941172,8.454554299574006],[93.6162726994326,8.454355099872608],[93.61613159966832,8.454413200226213],[93.61622289941172,8.454554299574006]]],[[[93.61775010000834,8.455276400055912],[93.61793269965534,8.454969299663544],[93.61781649942704,8.454902899654869],[93.61775010000834,8.455276400055912]]],[[[93.61730189971296,8.455467299713693],[93.61707779950282,8.455434100026485],[93.6170777999067,8.455525399823134],[93.61730189971296,8.455467299713693]]],[[[93.61652999937562,8.45577439977561],[93.61649679958829,8.456496499403928],[93.61712759958351,8.456156199630087],[93.61652999937562,8.45577439977561]]],[[[93.61750939951484,8.456305599951946],[93.61755089990095,8.45602340023406],[93.61738489986836,8.456156199371701],[93.61750939951484,8.456305599951946]]],[[[93.62001599972861,8.458778999583991],[93.62043929946549,8.458928399676909],[93.62057209979538,8.458770699631254],[93.62001599972861,8.458778999583991]]],[[[93.6109415903752,8.459723069322395],[93.61076456170275,8.459221266583434],[93.61041036106505,8.459279977392058],[93.6109415903752,8.459723069322395]]],[[[93.62546836006581,8.470266819382518],[93.62526848144054,8.471157511396468],[93.62592694788593,8.47037534589704],[93.62546836006581,8.470266819382518]]],[[[93.61273689961277,8.4854385997875],[93.61217250004003,8.486144100240333],[93.61263729972967,8.486218799601243],[93.61273689961277,8.4854385997875]]],[[[93.62879719336169,8.487388644931267],[93.62931482390091,8.48719868305541],[93.62917408475575,8.486968177409581],[93.62879719336169,8.487388644931267]]],[[[93.62844748286462,8.487931173727048],[93.62850202012639,8.488170773697444],[93.62869721724408,8.487922088267803],[93.62844748286462,8.487931173727048]]],[[[93.60021492776983,8.544974724488096],[93.60691777938595,8.569959171998748],[93.60724032032941,8.568896714489258],[93.61017017565055,8.565885785953851],[93.60838111083467,8.55201920308794],[93.61167023510096,8.53253746060532],[93.6146997591054,8.528626759772978],[93.62553657899228,8.523694229097856],[93.62147185724996,8.507621345768545],[93.63234810911528,8.467721297324468],[93.62643107103652,8.471451414335831],[93.62116784374356,8.470881674097171],[93.61718536973834,8.468078478412938],[93.61259109387277,8.4232142673456],[93.60691896364538,8.444599447809168],[93.61376607743956,8.462331975677062],[93.60944218428439,8.481474564082186],[93.61921036773123,8.486606414297855],[93.61206558262857,8.52632087623941],[93.60021492776983,8.544974724488096]]],[[[93.61412373989437,8.501580850862599],[93.61398742462643,8.502073647467673],[93.6145415502623,8.50173458660091],[93.61412373989437,8.501580850862599]]],[[[93.61426447006062,8.502720186134528],[93.61465508520101,8.502512262375236],[93.61423725263401,8.502516810896488],[93.61426447006062,8.502720186134528]]],[[[93.6243602452631,8.503131762187087],[93.62445560440386,8.502996117815481],[93.62429667102377,8.502978101553497],[93.6243602452631,8.503131762187087]]],[[[93.62416955663466,8.503140841414014],[93.62402873449746,8.5033669160938],[93.62416951486891,8.503339736235624],[93.62416955663466,8.503140841414014]]],[[[93.61454599083352,8.504578453609046],[93.61446430319724,8.504402118321405],[93.6144324290785,8.504582974316705],[93.61454599083352,8.504578453609046]]],[[[93.6146959099434,8.504754772117023],[93.6149683603768,8.504854287224962],[93.61496837776296,8.504637211174261],[93.6146959099434,8.504754772117023]]],[[[93.62304780004659,8.50478653296563],[93.62290246715922,8.505089495293694],[93.62314308174217,8.50482726299753],[93.62304780004659,8.50478653296563]]],[[[93.61432804741493,8.504818034103215],[93.61431434204786,8.505111922088895],[93.61446879920439,8.504885919280444],[93.61432804741493,8.504818034103215]]],[[[93.61459139204156,8.505645490321],[93.61456866627279,8.505238509536957],[93.61433706077568,8.50551428988454],[93.61459139204156,8.505645490321]]],[[[93.61396007429182,8.505496253021448],[93.6140782325036,8.505753934101836],[93.61414630876845,8.505541454680253],[93.61396007429182,8.505496253021448]]],[[[93.6220031372641,8.507707236316298],[93.62194412983929,8.507906136054121],[93.62214854031554,8.507897125991303],[93.6220031372641,8.507707236316298]]],[[[93.60810075824317,8.522437017733887],[93.60802811369683,8.522866489228981],[93.60839598181104,8.522450574787047],[93.60810075824317,8.522437017733887]]],[[[93.60994927679279,8.5233458369955],[93.60982207373428,8.523002243177459],[93.60981297285447,8.523336735149535],[93.60994927679279,8.5233458369955]]],[[[93.61077117496626,8.526311790326034],[93.6106621790979,8.526849766452129],[93.61093016574527,8.526302675950701],[93.61077117496626,8.526311790326034]]],[[[93.61944597535006,8.527568839268733],[93.61958680793343,8.527342766349792],[93.61945058258104,8.527270444209437],[93.61944597535006,8.527568839268733]]],[[[93.6091497487353,8.528016211950856],[93.60886811715721,8.527866961951696],[93.60872279492811,8.528016158137437],[93.6091497487353,8.528016211950856]]],[[[93.61528109092316,8.529255176820348],[93.61539468269272,8.529549043444462],[93.61548552390006,8.529309483133797],[93.61528109092316,8.529255176820348]]],[[[93.6135733349222,8.530661274135413],[93.61388219487678,8.530561744549264],[93.61363699524881,8.530412531364165],[93.6135733349222,8.530661274135413]]],[[[93.61294654454366,8.532921840510394],[93.6130555744023,8.532691206973773],[93.61286027194869,8.532722900438628],[93.61294654454366,8.532921840510394]]],[[[93.61207433484113,8.536782912673479],[93.6121788314343,8.537185242092098],[93.61214704307666,8.536737664173526],[93.61207433484113,8.536782912673479]]],[[[93.61247849598104,8.538324595989753],[93.61251031087146,8.538731562766305],[93.61258298127224,8.538320089596986],[93.61247849598104,8.538324595989753]]],[[[93.60991192457698,8.549898770328527],[93.6104933140257,8.549632116957346],[93.61007993797055,8.549329134892279],[93.60991192457698,8.549898770328527]]],[[[93.60918964783933,8.550595001072272],[93.60955755965531,8.550821084840273],[93.60932136528764,8.55051366203012],[93.60918964783933,8.550595001072272]]],[[[93.61111523224503,8.55837610921449],[93.61105164403617,8.55804607435138],[93.61093810264192,8.558073206987975],[93.61111523224503,8.55837610921449]]],[[[93.61019322481825,8.558507177058729],[93.61043845290791,8.55860664470025],[93.61035674224617,8.558308205203025],[93.61019322481825,8.558507177058729]]],[[[93.61082909832864,8.558552392369831],[93.61107432703463,8.558651859815953],[93.61099261560821,8.558353510011441],[93.61082909832864,8.558552392369831]]],[[[93.6106382020286,8.560672796785875],[93.61078811288782,8.560944084923733],[93.610788135352,8.560672831447894],[93.6106382020286,8.560672796785875]]],[[[93.61045644168188,8.563679396732576],[93.6101521288494,8.564140619657197],[93.61030202770611,8.564289802623797],[93.61045644168188,8.563679396732576]]],[[[93.61097413941918,8.566138946113028],[93.61116951925712,8.566202312522396],[93.61112405386194,8.566012353334708],[93.61097413941918,8.566138946113028]]],[[[93.856593206571,12.300561753350541],[93.86668379423664,12.27476126148273],[93.8413722946371,12.27075003837962],[93.84025689196307,12.295380196492054],[93.856593206571,12.300561753350541]]],[[[94.26646165615442,13.46256270832704],[94.26322048351847,13.440794302718452],[94.24530388416937,13.432862738510883],[94.24756621181521,13.459801478785577],[94.26646165615442,13.46256270832704]]]]}}]}